href,title,id,Job Title,payment,job_description
/ru/jobs/3352735/,–ö–ª–∞–¥–æ–≤—â–∏–∫-–∫–æ–º–ø–ª–µ–∫—Ç–æ–≤—â–∏–∫,3352735,–ö–ª–∞–¥–æ–≤—â–∏–∫-–∫–æ–º–ø–ª–µ–∫—Ç–æ–≤—â–∏–∫,12 000 ‚Äì 30 000 –≥—Ä–Ω,"–ò–Ω—Ç–µ—Ä–Ω–µ—Ç –º–∞–≥–∞–∑–∏–Ω—É makeup.ua –∫–æ—Å–º–µ—Ç–∏–∫–∞ –ø–∞—Ä—Ñ—é–º–µ—Ä–∏—è, –Ω–∞ —Å–∫–ª–∞–¥ –≤ –ë—Ä–æ–≤–∞—Ä—ã, —Ç—Ä–µ–±—É—é—Ç—Å—è –∫–ª–∞–¥–æ–≤—â–∏–∫–∏-–∫–æ–º–ø–ª–µ–∫—Ç–æ–≤—â–∏–∫–∏."
href,title,id,Job Title,payment,job_description
/ru/jobs/3250490/,–£–ø–∞–∫–æ–≤—â–∏–∫ –Ω–∞ —Å–∫–ª–∞–¥,3250490,–£–ø–∞–∫–æ–≤—â–∏–∫ –Ω–∞ —Å–∫–ª–∞–¥,11 000 ‚Äì 14 000 –≥—Ä–Ω,"–ò–Ω—Ç–µ—Ä–Ω–µ—Ç –º–∞–≥–∞–∑–∏–Ω—É makeup.ua –∫–æ—Å–º–µ—Ç–∏–∫–∏ –∏ –ø–∞—Ä—Ñ—é–º–µ—Ä–∏–∏, –Ω–∞ —Å–∫–ª–∞–¥ –≤ –ë—Ä–æ–≤–∞—Ä—ã, —Ç—Ä–µ–±—É—é—Ç—Å—è —É–ø–∞–∫–æ–≤—â–∏–∫–∏ —Ç–æ–≤–∞—Ä–æ–≤."
href,title,id,Job Title,payment,job_description
/ru/jobs/4412026/,–ö–ª–∞–¥–æ–≤—â–∏–∫-–∫–æ–º–ø–ª–µ–∫—Ç–æ–≤—â–∏–∫ –≤ –ë—Ä–æ–≤–∞—Ä—ã,4412026,–ö–ª–∞–¥–æ–≤—â–∏–∫-–∫–æ–º–ø–ª–µ–∫—Ç–æ–≤—â–∏–∫ –≤ –ë—Ä–æ–≤–∞—Ä—ã,12 000 ‚Äì 30 000 –≥—Ä–Ω,"–ò–Ω—Ç–µ—Ä–Ω–µ—Ç –º–∞–≥–∞–∑–∏–Ω—É makeup.ua –∫–æ—Å–º–µ—Ç–∏–∫–∞ –ø–∞—Ä—Ñ—é–º–µ—Ä–∏—è, –Ω–∞ —Å–∫–ª–∞–¥ –≤ –ë—Ä–æ–≤–∞—Ä—ã, —Ç—Ä–µ–±—É—é—Ç—Å—è –∫–ª–∞–¥–æ–≤—â–∏–∫–∏-–∫–æ–º–ø–ª–µ–∫—Ç–æ–≤—â–∏–∫–∏ –≤ –Ω–æ—á–Ω—É—é —Å–º–µ–Ω—É."
href,title,id,Job Title,payment,job_description
/ru/jobs/3355425/,–ö–ª–∞–¥–æ–≤—â–∏–∫-–∫–æ–º–ø–ª–µ–∫—Ç–æ–≤—â–∏–∫ (–Ω–æ—á–Ω–∞—è —Å–º–µ–Ω–∞),3355425,–ö–ª–∞–¥–æ–≤—â–∏–∫-–∫–æ–º–ø–ª–µ–∫—Ç–æ–≤—â–∏–∫ (–Ω–æ—á–Ω–∞—è —Å–º–µ–Ω–∞),12 000 ‚Äì 30 000 –≥—Ä–Ω,"–ò–Ω—Ç–µ—Ä–Ω–µ—Ç –º–∞–≥–∞–∑–∏–Ω—É makeup.ua –∫–æ—Å–º–µ—Ç–∏–∫–∞ –ø–∞—Ä—Ñ—é–º–µ—Ä–∏—è, –Ω–∞ —Å–∫–ª–∞–¥ –≤ –ë—Ä–æ–≤–∞—Ä—ã, —Ç—Ä–µ–±—É—é—Ç—Å—è –∫–ª–∞–¥–æ–≤—â–∏–∫–∏-–∫–æ–º–ø–ª–µ–∫—Ç–æ–≤—â–∏–∫–∏ –≤ –Ω–æ—á–Ω—É—é —Å–º–µ–Ω—É."
href,title,id,Job Title,payment,job_description
/ru/jobs/4368070/,After Effects Animator,4368070,After Effects Animator,Payment is not specified,We are looking for talented and experienced motion designers passionate about gaming art to produce creative ads for different platforms. 
href,title,id,Job Title,payment,job_description
/ru/jobs/4430866/,–ú–µ–Ω–µ–¥–∂–µ—Ä –ø–æ –ø—Ä–æ–¥–∞–∂–∞–º,4430866,–ú–µ–Ω–µ–¥–∂–µ—Ä –ø–æ –ø—Ä–æ–¥–∞–∂–∞–º,Payment is not specified,"–ú—ã ‚Äî Laba Group, –ª–∏–¥–µ—Ä—ã —Ä—ã–Ω–∫–∞ –æ–Ω–ª–∞–π–Ω-–æ–±—Ä–∞–∑–æ–≤–∞–Ω–∏—è. "
href,title,id,Job Title,payment,job_description
/ru/jobs/2888460/,"–ú–µ–Ω–µ–¥–∂–µ—Ä –ø–æ –ø—Ä–æ–¥–∞–∂–∞–º –Ω–µ–¥–≤–∏–∂–∏–º–æ—Å—Ç–∏ (—Å—Ç. –º. –£–Ω–∏–≤–µ—Ä—Å–∏—Ç–µ—Ç, Botanic Towers)",2888460,"–ú–µ–Ω–µ–¥–∂–µ—Ä –ø–æ –ø—Ä–æ–¥–∞–∂–∞–º –Ω–µ–¥–≤–∏–∂–∏–º–æ—Å—Ç–∏ (—Å—Ç. –º. –£–Ω–∏–≤–µ—Ä—Å–∏—Ç–µ—Ç, Botanic Towers)",30 000 ‚Äì 50 000 –≥—Ä–Ω,–ó–¥–µ—Å—å –Ω–µ –±—É–¥–µ—Ç –º—ã–ª—å–Ω–æ–≥–æ –∏ —Å–ª–∞–¥–∫–æ–≥–æ –æ–ø–∏—Å–∞–Ω–∏—è –≤–∞–∫–∞–Ω—Å–∏–∏. –í –æ—Ç–¥–µ–ª–µ –ø—Ä–æ–¥–∞–∂ –Ω–∞—à–µ–π –∫–æ–º–ø–∞–Ω–∏–∏ –≤—Å–µ —Å–≤–æ–¥–∏—Ç—Å—è –∫ —Ä–µ–∑—É–ª—å—Ç–∞—Ç–∞–º –∏ —Ü–∏—Ñ—Ä–∞–º –≤ –≤–∏–¥–µ –∑–∞—Ä–∞–±–æ—Ç–∞–Ω–Ω—ã—Ö –¥–µ–Ω–µ–≥.
href,title,id,Job Title,payment,job_description
/ru/jobs/3777566/,–í–æ–¥–∏—Ç–µ–ª—å —Ç–∞–∫—Å–∏ –Ω–∞ –∞–≤—Ç–æ–º–æ–±–∏–ª—å —Ñ–∏—Ä–º—ã (Uber),3777566,–í–æ–¥–∏—Ç–µ–ª—å —Ç–∞–∫—Å–∏ –Ω–∞ –∞–≤—Ç–æ–º–æ–±–∏–ª—å —Ñ–∏—Ä–º—ã (Uber),18 000 ‚Äì 25 000 –≥—Ä–Ω,–¢—Ä–µ–±–æ–≤–∞–Ω–∏—è:  
href,title,id,Job Title,payment,job_description
/ru/jobs/4459370/,"–†–∞–Ω–Ω–µ—Ä, –æ—Ñ–∏—Ü–∏–∞–Ω—Ç –Ω–∞ —Ñ—É–¥-–∫–æ—Ä—Ç, –ø–æ–º–æ—â–Ω–∏–∫ –æ—Ñ–∏—Ü–∏–∞–Ω—Ç–∞",4459370,"–†–∞–Ω–Ω–µ—Ä, –æ—Ñ–∏—Ü–∏–∞–Ω—Ç –Ω–∞ —Ñ—É–¥-–∫–æ—Ä—Ç, –ø–æ–º–æ—â–Ω–∏–∫ –æ—Ñ–∏—Ü–∏–∞–Ω—Ç–∞",12 000 ‚Äì 16 000 –≥—Ä–Ω,"–ü–æ –≤–æ–ø—Ä–æ—Å–∞–º —Ç—Ä—É–¥–æ—É—Å—Ç—Ä–æ–π—Å—Ç–≤–∞ –∑–≤–æ–Ω–∏—Ç–µ: 
–ü–æ–∫–∞–∑–∞—Ç–∏ —Ç–µ–ª–µ—Ñ–æ–Ω, –í–∏–∫—Ç–æ—Ä–∏—è"
href,title,id,Job Title,payment,job_description
/ru/jobs/3254114/,–ê–¥–º–∏–Ω–∏—Å—Ç—Ä–∞—Ç–æ—Ä –≤ –±—Ä–∞—á–Ω–æ–µ –∞–≥–µ–Ω—Ç—Å—Ç–≤–æ,3254114,–ê–¥–º–∏–Ω–∏—Å—Ç—Ä–∞—Ç–æ—Ä –≤ –±—Ä–∞—á–Ω–æ–µ –∞–≥–µ–Ω—Ç—Å—Ç–≤–æ,42 000 –≥—Ä–Ω,–ú—ã –∫—Ä—É–ø–Ω–æ–µ –±—Ä–∞—á–Ω–æ–µ –∞–≥–µ–Ω—Ç—Å—Ç–≤–æ ¬´–°–µlebrity¬ª –∏ —è–≤–ª—è–µ–º—Å—è –õ–ò–î–ï–†–ê–ú–ò —Ä—ã–Ω–∫–∞ —É–∂–µ9–ª–µ—Ç. –ù–∞ —Å–µ–≥–æ–¥–Ω—è—à–Ω–∏–π –¥–µ–Ω—å —É –Ω–∞—Å 98% –¥–æ–≤–æ–ª—å–Ω—ã—Ö –∫–ª–∏–µ–Ω—Ç–æ–≤. –ú—ã –∞–∫—Ç–∏–≤–Ω–æ —Ä–∞—Å—Ç—ë–º –∏ —Ä–∞–∑–≤–∏–≤–∞–µ–º—Å—è –∏–º–µ–Ω–Ω–æ –ø–æ—ç—Ç–æ–º—É –∑–∞ 9 –ª–µ—Ç –º—ã –≤—ã—Ä–æ—Å–ª–∏ –∏–∑ 10 —Å–æ—Ç—Ä—É–¥–Ω–∏–∫–æ–≤ –¥–æ 151 —Å–æ—Ç—Ä—É–¥–Ω–∏–∫–æ–≤ –∏ –Ω–∞ —ç—Ç–æ–º –Ω–µ –æ—Å—Ç–∞–Ω–∞–≤–ª–∏–≤–∞–µ–º—Å—è.
href,title,id,Job Title,payment,job_description
/ru/jobs/4559648/,–Ü–Ω–∂–µ–Ω–µ—Ä —Ç–µ—Ö–Ω—ñ—á–Ω–æ—ó –ø—ñ–¥—Ç—Ä–∏–º–∫–∏,4559648,–Ü–Ω–∂–µ–Ω–µ—Ä —Ç–µ—Ö–Ω—ñ—á–Ω–æ—ó –ø—ñ–¥—Ç—Ä–∏–º–∫–∏,Payment is not specified,"–õ—ñ–¥–µ—Ä –Ω–∞ —É–∫—Ä–∞—ó–Ω—Å—å–∫–æ–º—É —Ä–∏–Ω–∫—É —Ç–æ–≤–∞—Ä—ñ–≤ –¥–ª—è —Å–ø–æ—Ä—Ç—É —Ç–∞ –∞–∫—Ç–∏–≤–Ω–æ–≥–æ –≤—ñ–¥–ø–æ—á–∏–Ω–∫—É, –º–µ—Ä–µ–∂–∞ —Å–ø–æ—Ä—Ç–∏–≤–Ω–∏—Ö —Å—É–ø–µ—Ä–º–∞—Ä–∫–µ—Ç—ñ–≤ ¬´SPORTMASTER¬ª, –æ–≥–æ–ª–æ—à—É—î –ø—Ä–æ –≤–∞–∫–∞–Ω—Ç–Ω—É –ø–æ—Å–∞–¥—É –Ü–Ω–∂–µ–Ω–µ—Ä–∞ —Ç–µ—Ö–Ω—ñ—á–Ω–∏–π –ø—ñ–¥—Ç—Ä–∏–º–∫–∏ —ñ –∑–∞–ø—Ä–æ—à—É—î –í–∞—Å —Å—Ç–∞—Ç–∏ —á–∞—Å—Ç–∏–Ω–æ—é –Ω–∞—à–æ—ó –∫–æ–º–∞–Ω–¥–∏."
href,title,id,Job Title,payment,job_description
/ru/jobs/4559637/,–ú–µ–Ω–µ–¥–∂–µ—Ä –ø–æ —Å–æ–ø—Ä–æ–≤–æ–∂–¥–µ–Ω–∏—é –∫–ª–∏–µ–Ω—Ç–æ–≤ –∏–∑ –°–®–ê –∏ –ï–≤—Ä–æ–ø—ã (–∞–Ω–≥–ª. —è–∑. ),4559637,–ú–µ–Ω–µ–¥–∂–µ—Ä –ø–æ —Å–æ–ø—Ä–æ–≤–æ–∂–¥–µ–Ω–∏—é –∫–ª–∏–µ–Ω—Ç–æ–≤ –∏–∑ –°–®–ê –∏ –ï–≤—Ä–æ–ø—ã (–∞–Ω–≥–ª. —è–∑. ),8 000 ‚Äì 17 000 –≥—Ä–Ω,"–ú—ã ‚Äî –∫–æ–º–ø–∞–Ω–∏—è —Å–æ —Å–≤–æ–µ–π —Å–µ—Ç—å—é –∏–Ω—Ç–µ—Ä–Ω–µ—Ç-–º–∞–≥–∞–∑–∏–Ω–æ–≤ –Ω–∞ —Ç–µ—Ä—Ä–∏—Ç–æ—Ä–∏–∏ –°–®–ê –∏ –ï–≤—Ä–æ–ø—ã. –ó–∞–Ω–∏–º–∞–µ–º—Å—è –ø—Ä–æ–∏–∑–≤–æ–¥—Å—Ç–≤–æ–º —Å–≤–æ–µ–π –ª–∏–Ω–µ–π–∫–∏ —Ç–æ–≤–∞—Ä–æ–≤ –≤ –∫–∞—Ç–µ–≥–æ—Ä–∏–∏ —Ç–æ–≤–∞—Ä–æ–≤ –¥–ª—è –¥–æ–º–∞ –∏ —Å–ø–æ—Ä—Ç–∞. –ü—Ä–æ–¥–∞–µ–º —Ç–æ–≤–∞—Ä—ã —á–µ—Ä–µ–∑ —Å–≤–æ—é —Å–µ—Ç—å –∏–Ω—Ç–µ—Ä–Ω–µ—Ç-–º–∞–≥–∞–∑–∏–Ω–æ–≤, –∞ —Ç–∞–∫–∂–µ —á–µ—Ä–µ–∑ –≤—Å–µ–º–∏—Ä–Ω–æ –∏–∑–≤–µ—Å—Ç–Ω—ã–µ –º–∞—Ä–∫–µ—Ç–ø–ª–µ–π—Å—ã ‚Äî Amazon.com, Walmart.com"
href,title,id,Job Title,payment,job_description
/ru/jobs/3379173/,–ê–¥–º—ñ–Ω—ñ—Å—Ç—Ä–∞—Ç–æ—Ä –∫–ª—ñ–Ω—ñ–∫–∏,3379173,–ê–¥–º—ñ–Ω—ñ—Å—Ç—Ä–∞—Ç–æ—Ä –∫–ª—ñ–Ω—ñ–∫–∏,11 000 –≥—Ä–Ω,–ì—Ä–∞—Ñ–∏–∫ —Ä–∞–±–æ—Ç—ã –∫–ª–∏–Ω–∏–∫–∏ —Å –ø–æ–Ω–µ–¥–µ–ª—å–Ω–∏–∫–∞ –ø–æ –ø—è—Ç–Ω–∏—Ü—É —Å 8 –¥–æ 19. –†–µ–∂–∏–º —Ä–∞–±–æ—Ç—ã 2 —á–µ—Ä–µ–∑ 2 –¥–Ω—è.
href,title,id,Job Title,payment,job_description
/ru/jobs/4036019/,–¢–æ—Ä–≥–æ–≤–∏–π –ø—Ä–µ–¥—Å—Ç–∞–≤–Ω–∏–∫,4036019,–¢–æ—Ä–≥–æ–≤–∏–π –ø—Ä–µ–¥—Å—Ç–∞–≤–Ω–∏–∫,11 000 ‚Äì 18 000 –≥—Ä–Ω,–ö–æ–º–ø–∞–Ω—ñ—è –¢–∑–û–í ¬´–û–ª–µ–æ-–ó–∞—Ö—ñ–¥¬ª ‚Äî –æ—Ñ—ñ—Ü—ñ–π–Ω–∏–π –¥–∏—Å—Ç—Ä–∏–±‚Äô—é—Ç–æ—Ä –∫–æ–Ω–¥–∏—Ç–µ—Ä—Å—å–∫–∏—Ö –≤–∏—Ä–æ–±—ñ–≤ —É –õ—å–≤–æ–≤—ñ —Ç–∞ –õ—å–≤—ñ–≤—Å—å–∫—ñ–π –æ–±–ª–∞—Å—Ç—ñ.
href,title,id,Job Title,payment,job_description
/ru/jobs/3352735/,–ö–ª–∞–¥–æ–≤—â–∏–∫-–∫–æ–º–ø–ª–µ–∫—Ç–æ–≤—â–∏–∫,3352735,–ö–ª–∞–¥–æ–≤—â–∏–∫-–∫–æ–º–ø–ª–µ–∫—Ç–æ–≤—â–∏–∫,12 000 ‚Äì 30 000 –≥—Ä–Ω,"–ò–Ω—Ç–µ—Ä–Ω–µ—Ç –º–∞–≥–∞–∑–∏–Ω—É makeup.ua –∫–æ—Å–º–µ—Ç–∏–∫–∞ –ø–∞—Ä—Ñ—é–º–µ—Ä–∏—è, –Ω–∞ —Å–∫–ª–∞–¥ –≤ –ë—Ä–æ–≤–∞—Ä—ã, —Ç—Ä–µ–±—É—é—Ç—Å—è –∫–ª–∞–¥–æ–≤—â–∏–∫–∏-–∫–æ–º–ø–ª–µ–∫—Ç–æ–≤—â–∏–∫–∏."
href,title,id,Job Title,payment,job_description
/ru/jobs/3250490/,–£–ø–∞–∫–æ–≤—â–∏–∫ –Ω–∞ —Å–∫–ª–∞–¥,3250490,–£–ø–∞–∫–æ–≤—â–∏–∫ –Ω–∞ —Å–∫–ª–∞–¥,11 000 ‚Äì 14 000 –≥—Ä–Ω,"–ò–Ω—Ç–µ—Ä–Ω–µ—Ç –º–∞–≥–∞–∑–∏–Ω—É makeup.ua –∫–æ—Å–º–µ—Ç–∏–∫–∏ –∏ –ø–∞—Ä—Ñ—é–º–µ—Ä–∏–∏, –Ω–∞ —Å–∫–ª–∞–¥ –≤ –ë—Ä–æ–≤–∞—Ä—ã, —Ç—Ä–µ–±—É—é—Ç—Å—è —É–ø–∞–∫–æ–≤—â–∏–∫–∏ —Ç–æ–≤–∞—Ä–æ–≤."
href,title,id,Job Title,payment,job_description
/ru/jobs/4412026/,–ö–ª–∞–¥–æ–≤—â–∏–∫-–∫–æ–º–ø–ª–µ–∫—Ç–æ–≤—â–∏–∫ –≤ –ë—Ä–æ–≤–∞—Ä—ã,4412026,–ö–ª–∞–¥–æ–≤—â–∏–∫-–∫–æ–º–ø–ª–µ–∫—Ç–æ–≤—â–∏–∫ –≤ –ë—Ä–æ–≤–∞—Ä—ã,12 000 ‚Äì 30 000 –≥—Ä–Ω,"–ò–Ω—Ç–µ—Ä–Ω–µ—Ç –º–∞–≥–∞–∑–∏–Ω—É makeup.ua –∫–æ—Å–º–µ—Ç–∏–∫–∞ –ø–∞—Ä—Ñ—é–º–µ—Ä–∏—è, –Ω–∞ —Å–∫–ª–∞–¥ –≤ –ë—Ä–æ–≤–∞—Ä—ã, —Ç—Ä–µ–±—É—é—Ç—Å—è –∫–ª–∞–¥–æ–≤—â–∏–∫–∏-–∫–æ–º–ø–ª–µ–∫—Ç–æ–≤—â–∏–∫–∏ –≤ –Ω–æ—á–Ω—É—é —Å–º–µ–Ω—É."
href,title,id,Job Title,payment,job_description
/ru/jobs/3355425/,–ö–ª–∞–¥–æ–≤—â–∏–∫-–∫–æ–º–ø–ª–µ–∫—Ç–æ–≤—â–∏–∫ (–Ω–æ—á–Ω–∞—è —Å–º–µ–Ω–∞),3355425,–ö–ª–∞–¥–æ–≤—â–∏–∫-–∫–æ–º–ø–ª–µ–∫—Ç–æ–≤—â–∏–∫ (–Ω–æ—á–Ω–∞—è —Å–º–µ–Ω–∞),12 000 ‚Äì 30 000 –≥—Ä–Ω,"–ò–Ω—Ç–µ—Ä–Ω–µ—Ç –º–∞–≥–∞–∑–∏–Ω—É makeup.ua –∫–æ—Å–º–µ—Ç–∏–∫–∞ –ø–∞—Ä—Ñ—é–º–µ—Ä–∏—è, –Ω–∞ —Å–∫–ª–∞–¥ –≤ –ë—Ä–æ–≤–∞—Ä—ã, —Ç—Ä–µ–±—É—é—Ç—Å—è –∫–ª–∞–¥–æ–≤—â–∏–∫–∏-–∫–æ–º–ø–ª–µ–∫—Ç–æ–≤—â–∏–∫–∏ –≤ –Ω–æ—á–Ω—É—é —Å–º–µ–Ω—É."
href,title,id,Job Title,payment,job_description
/ru/jobs/4368070/,After Effects Animator,4368070,After Effects Animator,Payment is not specified,We are looking for talented and experienced motion designers passionate about gaming art to produce creative ads for different platforms. 
href,title,id,Job Title,payment,job_description
/ru/jobs/4430866/,–ú–µ–Ω–µ–¥–∂–µ—Ä –ø–æ –ø—Ä–æ–¥–∞–∂–∞–º,4430866,–ú–µ–Ω–µ–¥–∂–µ—Ä –ø–æ –ø—Ä–æ–¥–∞–∂–∞–º,Payment is not specified,"–ú—ã ‚Äî Laba Group, –ª–∏–¥–µ—Ä—ã —Ä—ã–Ω–∫–∞ –æ–Ω–ª–∞–π–Ω-–æ–±—Ä–∞–∑–æ–≤–∞–Ω–∏—è. "
href,title,id,Job Title,payment,job_description
/ru/jobs/2888460/,"–ú–µ–Ω–µ–¥–∂–µ—Ä –ø–æ –ø—Ä–æ–¥–∞–∂–∞–º –Ω–µ–¥–≤–∏–∂–∏–º–æ—Å—Ç–∏ (—Å—Ç. –º. –£–Ω–∏–≤–µ—Ä—Å–∏—Ç–µ—Ç, Botanic Towers)",2888460,"–ú–µ–Ω–µ–¥–∂–µ—Ä –ø–æ –ø—Ä–æ–¥–∞–∂–∞–º –Ω–µ–¥–≤–∏–∂–∏–º–æ—Å—Ç–∏ (—Å—Ç. –º. –£–Ω–∏–≤–µ—Ä—Å–∏—Ç–µ—Ç, Botanic Towers)",30 000 ‚Äì 50 000 –≥—Ä–Ω,–ó–¥–µ—Å—å –Ω–µ –±—É–¥–µ—Ç –º—ã–ª—å–Ω–æ–≥–æ –∏ —Å–ª–∞–¥–∫–æ–≥–æ –æ–ø–∏—Å–∞–Ω–∏—è –≤–∞–∫–∞–Ω—Å–∏–∏. –í –æ—Ç–¥–µ–ª–µ –ø—Ä–æ–¥–∞–∂ –Ω–∞—à–µ–π –∫–æ–º–ø–∞–Ω–∏–∏ –≤—Å–µ —Å–≤–æ–¥–∏—Ç—Å—è –∫ —Ä–µ–∑—É–ª—å—Ç–∞—Ç–∞–º –∏ —Ü–∏—Ñ—Ä–∞–º –≤ –≤–∏–¥–µ –∑–∞—Ä–∞–±–æ—Ç–∞–Ω–Ω—ã—Ö –¥–µ–Ω–µ–≥.
href,title,id,Job Title,payment,job_description
/ru/jobs/3777566/,–í–æ–¥–∏—Ç–µ–ª—å —Ç–∞–∫—Å–∏ –Ω–∞ –∞–≤—Ç–æ–º–æ–±–∏–ª—å —Ñ–∏—Ä–º—ã (Uber),3777566,–í–æ–¥–∏—Ç–µ–ª—å —Ç–∞–∫—Å–∏ –Ω–∞ –∞–≤—Ç–æ–º–æ–±–∏–ª—å —Ñ–∏—Ä–º—ã (Uber),18 000 ‚Äì 25 000 –≥—Ä–Ω,–¢—Ä–µ–±–æ–≤–∞–Ω–∏—è:  
href,title,id,Job Title,payment,job_description
/ru/jobs/4459370/,"–†–∞–Ω–Ω–µ—Ä, –æ—Ñ–∏—Ü–∏–∞–Ω—Ç –Ω–∞ —Ñ—É–¥-–∫–æ—Ä—Ç, –ø–æ–º–æ—â–Ω–∏–∫ –æ—Ñ–∏—Ü–∏–∞–Ω—Ç–∞",4459370,"–†–∞–Ω–Ω–µ—Ä, –æ—Ñ–∏—Ü–∏–∞–Ω—Ç –Ω–∞ —Ñ—É–¥-–∫–æ—Ä—Ç, –ø–æ–º–æ—â–Ω–∏–∫ –æ—Ñ–∏—Ü–∏–∞–Ω—Ç–∞",12 000 ‚Äì 16 000 –≥—Ä–Ω,"–ü–æ –≤–æ–ø—Ä–æ—Å–∞–º —Ç—Ä—É–¥–æ—É—Å—Ç—Ä–æ–π—Å—Ç–≤–∞ –∑–≤–æ–Ω–∏—Ç–µ: 
–ü–æ–∫–∞–∑–∞—Ç–∏ —Ç–µ–ª–µ—Ñ–æ–Ω, –í–∏–∫—Ç–æ—Ä–∏—è"
href,title,id,Job Title,payment,job_description
/ru/jobs/3254114/,–ê–¥–º–∏–Ω–∏—Å—Ç—Ä–∞—Ç–æ—Ä –≤ –±—Ä–∞—á–Ω–æ–µ –∞–≥–µ–Ω—Ç—Å—Ç–≤–æ,3254114,–ê–¥–º–∏–Ω–∏—Å—Ç—Ä–∞—Ç–æ—Ä –≤ –±—Ä–∞—á–Ω–æ–µ –∞–≥–µ–Ω—Ç—Å—Ç–≤–æ,42 000 –≥—Ä–Ω,–ú—ã –∫—Ä—É–ø–Ω–æ–µ –±—Ä–∞—á–Ω–æ–µ –∞–≥–µ–Ω—Ç—Å—Ç–≤–æ ¬´–°–µlebrity¬ª –∏ —è–≤–ª—è–µ–º—Å—è –õ–ò–î–ï–†–ê–ú–ò —Ä—ã–Ω–∫–∞ —É–∂–µ9–ª–µ—Ç. –ù–∞ —Å–µ–≥–æ–¥–Ω—è—à–Ω–∏–π –¥–µ–Ω—å —É –Ω–∞—Å 98% –¥–æ–≤–æ–ª—å–Ω—ã—Ö –∫–ª–∏–µ–Ω—Ç–æ–≤. –ú—ã –∞–∫—Ç–∏–≤–Ω–æ —Ä–∞—Å—Ç—ë–º –∏ —Ä–∞–∑–≤–∏–≤–∞–µ–º—Å—è –∏–º–µ–Ω–Ω–æ –ø–æ—ç—Ç–æ–º—É –∑–∞ 9 –ª–µ—Ç –º—ã –≤—ã—Ä–æ—Å–ª–∏ –∏–∑ 10 —Å–æ—Ç—Ä—É–¥–Ω–∏–∫–æ–≤ –¥–æ 151 —Å–æ—Ç—Ä—É–¥–Ω–∏–∫–æ–≤ –∏ –Ω–∞ —ç—Ç–æ–º –Ω–µ –æ—Å—Ç–∞–Ω–∞–≤–ª–∏–≤–∞–µ–º—Å—è.
href,title,id,Job Title,payment,job_description
/ru/jobs/4559648/,–Ü–Ω–∂–µ–Ω–µ—Ä —Ç–µ—Ö–Ω—ñ—á–Ω–æ—ó –ø—ñ–¥—Ç—Ä–∏–º–∫–∏,4559648,–Ü–Ω–∂–µ–Ω–µ—Ä —Ç–µ—Ö–Ω—ñ—á–Ω–æ—ó –ø—ñ–¥—Ç—Ä–∏–º–∫–∏,Payment is not specified,"–õ—ñ–¥–µ—Ä –Ω–∞ —É–∫—Ä–∞—ó–Ω—Å—å–∫–æ–º—É —Ä–∏–Ω–∫—É —Ç–æ–≤–∞—Ä—ñ–≤ –¥–ª—è —Å–ø–æ—Ä—Ç—É —Ç–∞ –∞–∫—Ç–∏–≤–Ω–æ–≥–æ –≤—ñ–¥–ø–æ—á–∏–Ω–∫—É, –º–µ—Ä–µ–∂–∞ —Å–ø–æ—Ä—Ç–∏–≤–Ω–∏—Ö —Å—É–ø–µ—Ä–º–∞—Ä–∫–µ—Ç—ñ–≤ ¬´SPORTMASTER¬ª, –æ–≥–æ–ª–æ—à—É—î –ø—Ä–æ –≤–∞–∫–∞–Ω—Ç–Ω—É –ø–æ—Å–∞–¥—É –Ü–Ω–∂–µ–Ω–µ—Ä–∞ —Ç–µ—Ö–Ω—ñ—á–Ω–∏–π –ø—ñ–¥—Ç—Ä–∏–º–∫–∏ —ñ –∑–∞–ø—Ä–æ—à—É—î –í–∞—Å —Å—Ç–∞—Ç–∏ —á–∞—Å—Ç–∏–Ω–æ—é –Ω–∞—à–æ—ó –∫–æ–º–∞–Ω–¥–∏."
href,title,id,Job Title,payment,job_description
/ru/jobs/4559637/,–ú–µ–Ω–µ–¥–∂–µ—Ä –ø–æ —Å–æ–ø—Ä–æ–≤–æ–∂–¥–µ–Ω–∏—é –∫–ª–∏–µ–Ω—Ç–æ–≤ –∏–∑ –°–®–ê –∏ –ï–≤—Ä–æ–ø—ã (–∞–Ω–≥–ª. —è–∑. ),4559637,–ú–µ–Ω–µ–¥–∂–µ—Ä –ø–æ —Å–æ–ø—Ä–æ–≤–æ–∂–¥–µ–Ω–∏—é –∫–ª–∏–µ–Ω—Ç–æ–≤ –∏–∑ –°–®–ê –∏ –ï–≤—Ä–æ–ø—ã (–∞–Ω–≥–ª. —è–∑. ),8 000 ‚Äì 17 000 –≥—Ä–Ω,"–ú—ã ‚Äî –∫–æ–º–ø–∞–Ω–∏—è —Å–æ —Å–≤–æ–µ–π —Å–µ—Ç—å—é –∏–Ω—Ç–µ—Ä–Ω–µ—Ç-–º–∞–≥–∞–∑–∏–Ω–æ–≤ –Ω–∞ —Ç–µ—Ä—Ä–∏—Ç–æ—Ä–∏–∏ –°–®–ê –∏ –ï–≤—Ä–æ–ø—ã. –ó–∞–Ω–∏–º–∞–µ–º—Å—è –ø—Ä–æ–∏–∑–≤–æ–¥—Å—Ç–≤–æ–º —Å–≤–æ–µ–π –ª–∏–Ω–µ–π–∫–∏ —Ç–æ–≤–∞—Ä–æ–≤ –≤ –∫–∞—Ç–µ–≥–æ—Ä–∏–∏ —Ç–æ–≤–∞—Ä–æ–≤ –¥–ª—è –¥–æ–º–∞ –∏ —Å–ø–æ—Ä—Ç–∞. –ü—Ä–æ–¥–∞–µ–º —Ç–æ–≤–∞—Ä—ã —á–µ—Ä–µ–∑ —Å–≤–æ—é —Å–µ—Ç—å –∏–Ω—Ç–µ—Ä–Ω–µ—Ç-–º–∞–≥–∞–∑–∏–Ω–æ–≤, –∞ —Ç–∞–∫–∂–µ —á–µ—Ä–µ–∑ –≤—Å–µ–º–∏—Ä–Ω–æ –∏–∑–≤–µ—Å—Ç–Ω—ã–µ –º–∞—Ä–∫–µ—Ç–ø–ª–µ–π—Å—ã ‚Äî Amazon.com, Walmart.com"
href,title,id,Job Title,payment,job_description
/ru/jobs/3379173/,–ê–¥–º—ñ–Ω—ñ—Å—Ç—Ä–∞—Ç–æ—Ä –∫–ª—ñ–Ω—ñ–∫–∏,3379173,–ê–¥–º—ñ–Ω—ñ—Å—Ç—Ä–∞—Ç–æ—Ä –∫–ª—ñ–Ω—ñ–∫–∏,11 000 –≥—Ä–Ω,–ì—Ä–∞—Ñ–∏–∫ —Ä–∞–±–æ—Ç—ã –∫–ª–∏–Ω–∏–∫–∏ —Å –ø–æ–Ω–µ–¥–µ–ª—å–Ω–∏–∫–∞ –ø–æ –ø—è—Ç–Ω–∏—Ü—É —Å 8 –¥–æ 19. –†–µ–∂–∏–º —Ä–∞–±–æ—Ç—ã 2 —á–µ—Ä–µ–∑ 2 –¥–Ω—è.
href,title,id,Job Title,payment,job_description
/ru/jobs/4036019/,–¢–æ—Ä–≥–æ–≤–∏–π –ø—Ä–µ–¥—Å—Ç–∞–≤–Ω–∏–∫,4036019,–¢–æ—Ä–≥–æ–≤–∏–π –ø—Ä–µ–¥—Å—Ç–∞–≤–Ω–∏–∫,11 000 ‚Äì 18 000 –≥—Ä–Ω,–ö–æ–º–ø–∞–Ω—ñ—è –¢–∑–û–í ¬´–û–ª–µ–æ-–ó–∞—Ö—ñ–¥¬ª ‚Äî –æ—Ñ—ñ—Ü—ñ–π–Ω–∏–π –¥–∏—Å—Ç—Ä–∏–±‚Äô—é—Ç–æ—Ä –∫–æ–Ω–¥–∏—Ç–µ—Ä—Å—å–∫–∏—Ö –≤–∏—Ä–æ–±—ñ–≤ —É –õ—å–≤–æ–≤—ñ —Ç–∞ –õ—å–≤—ñ–≤—Å—å–∫—ñ–π –æ–±–ª–∞—Å—Ç—ñ.
href,title,id,Job Title,payment,job_description
/ru/jobs/3352735/,–ö–ª–∞–¥–æ–≤—â–∏–∫-–∫–æ–º–ø–ª–µ–∫—Ç–æ–≤—â–∏–∫,3352735,–ö–ª–∞–¥–æ–≤—â–∏–∫-–∫–æ–º–ø–ª–µ–∫—Ç–æ–≤—â–∏–∫,12 000 ‚Äì 30 000 –≥—Ä–Ω,"–ò–Ω—Ç–µ—Ä–Ω–µ—Ç –º–∞–≥–∞–∑–∏–Ω—É makeup.ua –∫–æ—Å–º–µ—Ç–∏–∫–∞ –ø–∞—Ä—Ñ—é–º–µ—Ä–∏—è, –Ω–∞ —Å–∫–ª–∞–¥ –≤ –ë—Ä–æ–≤–∞—Ä—ã, —Ç—Ä–µ–±—É—é—Ç—Å—è –∫–ª–∞–¥–æ–≤—â–∏–∫–∏-–∫–æ–º–ø–ª–µ–∫—Ç–æ–≤—â–∏–∫–∏."
href,title,id,Job Title,payment,job_description
/ru/jobs/3250490/,–£–ø–∞–∫–æ–≤—â–∏–∫ –Ω–∞ —Å–∫–ª–∞–¥,3250490,–£–ø–∞–∫–æ–≤—â–∏–∫ –Ω–∞ —Å–∫–ª–∞–¥,11 000 ‚Äì 14 000 –≥—Ä–Ω,"–ò–Ω—Ç–µ—Ä–Ω–µ—Ç –º–∞–≥–∞–∑–∏–Ω—É makeup.ua –∫–æ—Å–º–µ—Ç–∏–∫–∏ –∏ –ø–∞—Ä—Ñ—é–º–µ—Ä–∏–∏, –Ω–∞ —Å–∫–ª–∞–¥ –≤ –ë—Ä–æ–≤–∞—Ä—ã, —Ç—Ä–µ–±—É—é—Ç—Å—è —É–ø–∞–∫–æ–≤—â–∏–∫–∏ —Ç–æ–≤–∞—Ä–æ–≤."
href,title,id,Job Title,payment,job_description
/ru/jobs/4412026/,–ö–ª–∞–¥–æ–≤—â–∏–∫-–∫–æ–º–ø–ª–µ–∫—Ç–æ–≤—â–∏–∫ –≤ –ë—Ä–æ–≤–∞—Ä—ã,4412026,–ö–ª–∞–¥–æ–≤—â–∏–∫-–∫–æ–º–ø–ª–µ–∫—Ç–æ–≤—â–∏–∫ –≤ –ë—Ä–æ–≤–∞—Ä—ã,12 000 ‚Äì 30 000 –≥—Ä–Ω,"–ò–Ω—Ç–µ—Ä–Ω–µ—Ç –º–∞–≥–∞–∑–∏–Ω—É makeup.ua –∫–æ—Å–º–µ—Ç–∏–∫–∞ –ø–∞—Ä—Ñ—é–º–µ—Ä–∏—è, –Ω–∞ —Å–∫–ª–∞–¥ –≤ –ë—Ä–æ–≤–∞—Ä—ã, —Ç—Ä–µ–±—É—é—Ç—Å—è –∫–ª–∞–¥–æ–≤—â–∏–∫–∏-–∫–æ–º–ø–ª–µ–∫—Ç–æ–≤—â–∏–∫–∏ –≤ –Ω–æ—á–Ω—É—é —Å–º–µ–Ω—É."
href,title,id,Job Title,payment,job_description
/ru/jobs/3355425/,–ö–ª–∞–¥–æ–≤—â–∏–∫-–∫–æ–º–ø–ª–µ–∫—Ç–æ–≤—â–∏–∫ (–Ω–æ—á–Ω–∞—è —Å–º–µ–Ω–∞),3355425,–ö–ª–∞–¥–æ–≤—â–∏–∫-–∫–æ–º–ø–ª–µ–∫—Ç–æ–≤—â–∏–∫ (–Ω–æ—á–Ω–∞—è —Å–º–µ–Ω–∞),12 000 ‚Äì 30 000 –≥—Ä–Ω,"–ò–Ω—Ç–µ—Ä–Ω–µ—Ç –º–∞–≥–∞–∑–∏–Ω—É makeup.ua –∫–æ—Å–º–µ—Ç–∏–∫–∞ –ø–∞—Ä—Ñ—é–º–µ—Ä–∏—è, –Ω–∞ —Å–∫–ª–∞–¥ –≤ –ë—Ä–æ–≤–∞—Ä—ã, —Ç—Ä–µ–±—É—é—Ç—Å—è –∫–ª–∞–¥–æ–≤—â–∏–∫–∏-–∫–æ–º–ø–ª–µ–∫—Ç–æ–≤—â–∏–∫–∏ –≤ –Ω–æ—á–Ω—É—é —Å–º–µ–Ω—É."
href,title,id,Job Title,payment,job_description
/ru/jobs/4368070/,After Effects Animator,4368070,After Effects Animator,Payment is not specified,We are looking for talented and experienced motion designers passionate about gaming art to produce creative ads for different platforms. 
href,title,id,Job Title,payment,job_description
/ru/jobs/4430866/,–ú–µ–Ω–µ–¥–∂–µ—Ä –ø–æ –ø—Ä–æ–¥–∞–∂–∞–º,4430866,–ú–µ–Ω–µ–¥–∂–µ—Ä –ø–æ –ø—Ä–æ–¥–∞–∂–∞–º,Payment is not specified,"–ú—ã ‚Äî Laba Group, –ª–∏–¥–µ—Ä—ã —Ä—ã–Ω–∫–∞ –æ–Ω–ª–∞–π–Ω-–æ–±—Ä–∞–∑–æ–≤–∞–Ω–∏—è. "
href,title,id,Job Title,payment,job_description
/ru/jobs/2888460/,"–ú–µ–Ω–µ–¥–∂–µ—Ä –ø–æ –ø—Ä–æ–¥–∞–∂–∞–º –Ω–µ–¥–≤–∏–∂–∏–º–æ—Å—Ç–∏ (—Å—Ç. –º. –£–Ω–∏–≤–µ—Ä—Å–∏—Ç–µ—Ç, Botanic Towers)",2888460,"–ú–µ–Ω–µ–¥–∂–µ—Ä –ø–æ –ø—Ä–æ–¥–∞–∂–∞–º –Ω–µ–¥–≤–∏–∂–∏–º–æ—Å—Ç–∏ (—Å—Ç. –º. –£–Ω–∏–≤–µ—Ä—Å–∏—Ç–µ—Ç, Botanic Towers)",30 000 ‚Äì 50 000 –≥—Ä–Ω,–ó–¥–µ—Å—å –Ω–µ –±—É–¥–µ—Ç –º—ã–ª—å–Ω–æ–≥–æ –∏ —Å–ª–∞–¥–∫–æ–≥–æ –æ–ø–∏—Å–∞–Ω–∏—è –≤–∞–∫–∞–Ω—Å–∏–∏. –í –æ—Ç–¥–µ–ª–µ –ø—Ä–æ–¥–∞–∂ –Ω–∞—à–µ–π –∫–æ–º–ø–∞–Ω–∏–∏ –≤—Å–µ —Å–≤–æ–¥–∏—Ç—Å—è –∫ —Ä–µ–∑—É–ª—å—Ç–∞—Ç–∞–º –∏ —Ü–∏—Ñ—Ä–∞–º –≤ –≤–∏–¥–µ –∑–∞—Ä–∞–±–æ—Ç–∞–Ω–Ω—ã—Ö –¥–µ–Ω–µ–≥.
href,title,id,Job Title,payment,job_description
/ru/jobs/3777566/,–í–æ–¥–∏—Ç–µ–ª—å —Ç–∞–∫—Å–∏ –Ω–∞ –∞–≤—Ç–æ–º–æ–±–∏–ª—å —Ñ–∏—Ä–º—ã (Uber),3777566,–í–æ–¥–∏—Ç–µ–ª—å —Ç–∞–∫—Å–∏ –Ω–∞ –∞–≤—Ç–æ–º–æ–±–∏–ª—å —Ñ–∏—Ä–º—ã (Uber),18 000 ‚Äì 25 000 –≥—Ä–Ω,–¢—Ä–µ–±–æ–≤–∞–Ω–∏—è:  
href,title,id,Job Title,payment,job_description
/ru/jobs/4459370/,"–†–∞–Ω–Ω–µ—Ä, –æ—Ñ–∏—Ü–∏–∞–Ω—Ç –Ω–∞ —Ñ—É–¥-–∫–æ—Ä—Ç, –ø–æ–º–æ—â–Ω–∏–∫ –æ—Ñ–∏—Ü–∏–∞–Ω—Ç–∞",4459370,"–†–∞–Ω–Ω–µ—Ä, –æ—Ñ–∏—Ü–∏–∞–Ω—Ç –Ω–∞ —Ñ—É–¥-–∫–æ—Ä—Ç, –ø–æ–º–æ—â–Ω–∏–∫ –æ—Ñ–∏—Ü–∏–∞–Ω—Ç–∞",12 000 ‚Äì 16 000 –≥—Ä–Ω,"–ü–æ –≤–æ–ø—Ä–æ—Å–∞–º —Ç—Ä—É–¥–æ—É—Å—Ç—Ä–æ–π—Å—Ç–≤–∞ –∑–≤–æ–Ω–∏—Ç–µ: 
–ü–æ–∫–∞–∑–∞—Ç–∏ —Ç–µ–ª–µ—Ñ–æ–Ω, –í–∏–∫—Ç–æ—Ä–∏—è"
href,title,id,Job Title,payment,job_description
/ru/jobs/3254114/,–ê–¥–º–∏–Ω–∏—Å—Ç—Ä–∞—Ç–æ—Ä –≤ –±—Ä–∞—á–Ω–æ–µ –∞–≥–µ–Ω—Ç—Å—Ç–≤–æ,3254114,–ê–¥–º–∏–Ω–∏—Å—Ç—Ä–∞—Ç–æ—Ä –≤ –±—Ä–∞—á–Ω–æ–µ –∞–≥–µ–Ω—Ç—Å—Ç–≤–æ,42 000 –≥—Ä–Ω,–ú—ã –∫—Ä—É–ø–Ω–æ–µ –±—Ä–∞—á–Ω–æ–µ –∞–≥–µ–Ω—Ç—Å—Ç–≤–æ ¬´–°–µlebrity¬ª –∏ —è–≤–ª—è–µ–º—Å—è –õ–ò–î–ï–†–ê–ú–ò —Ä—ã–Ω–∫–∞ —É–∂–µ9–ª–µ—Ç. –ù–∞ —Å–µ–≥–æ–¥–Ω—è—à–Ω–∏–π –¥–µ–Ω—å —É –Ω–∞—Å 98% –¥–æ–≤–æ–ª—å–Ω—ã—Ö –∫–ª–∏–µ–Ω—Ç–æ–≤. –ú—ã –∞–∫—Ç–∏–≤–Ω–æ —Ä–∞—Å—Ç—ë–º –∏ —Ä–∞–∑–≤–∏–≤–∞–µ–º—Å—è –∏–º–µ–Ω–Ω–æ –ø–æ—ç—Ç–æ–º—É –∑–∞ 9 –ª–µ—Ç –º—ã –≤—ã—Ä–æ—Å–ª–∏ –∏–∑ 10 —Å–æ—Ç—Ä—É–¥–Ω–∏–∫–æ–≤ –¥–æ 151 —Å–æ—Ç—Ä—É–¥–Ω–∏–∫–æ–≤ –∏ –Ω–∞ —ç—Ç–æ–º –Ω–µ –æ—Å—Ç–∞–Ω–∞–≤–ª–∏–≤–∞–µ–º—Å—è.
href,title,id,Job Title,payment,job_description
/ru/jobs/4559648/,–Ü–Ω–∂–µ–Ω–µ—Ä —Ç–µ—Ö–Ω—ñ—á–Ω–æ—ó –ø—ñ–¥—Ç—Ä–∏–º–∫–∏,4559648,–Ü–Ω–∂–µ–Ω–µ—Ä —Ç–µ—Ö–Ω—ñ—á–Ω–æ—ó –ø—ñ–¥—Ç—Ä–∏–º–∫–∏,Payment is not specified,"–õ—ñ–¥–µ—Ä –Ω–∞ —É–∫—Ä–∞—ó–Ω—Å—å–∫–æ–º—É —Ä–∏–Ω–∫—É —Ç–æ–≤–∞—Ä—ñ–≤ –¥–ª—è —Å–ø–æ—Ä—Ç—É —Ç–∞ –∞–∫—Ç–∏–≤–Ω–æ–≥–æ –≤—ñ–¥–ø–æ—á–∏–Ω–∫—É, –º–µ—Ä–µ–∂–∞ —Å–ø–æ—Ä—Ç–∏–≤–Ω–∏—Ö —Å—É–ø–µ—Ä–º–∞—Ä–∫–µ—Ç—ñ–≤ ¬´SPORTMASTER¬ª, –æ–≥–æ–ª–æ—à—É—î –ø—Ä–æ –≤–∞–∫–∞–Ω—Ç–Ω—É –ø–æ—Å–∞–¥—É –Ü–Ω–∂–µ–Ω–µ—Ä–∞ —Ç–µ—Ö–Ω—ñ—á–Ω–∏–π –ø—ñ–¥—Ç—Ä–∏–º–∫–∏ —ñ –∑–∞–ø—Ä–æ—à—É—î –í–∞—Å —Å—Ç–∞—Ç–∏ —á–∞—Å—Ç–∏–Ω–æ—é –Ω–∞—à–æ—ó –∫–æ–º–∞–Ω–¥–∏."
href,title,id,Job Title,payment,job_description
/ru/jobs/4559637/,–ú–µ–Ω–µ–¥–∂–µ—Ä –ø–æ —Å–æ–ø—Ä–æ–≤–æ–∂–¥–µ–Ω–∏—é –∫–ª–∏–µ–Ω—Ç–æ–≤ –∏–∑ –°–®–ê –∏ –ï–≤—Ä–æ–ø—ã (–∞–Ω–≥–ª. —è–∑. ),4559637,–ú–µ–Ω–µ–¥–∂–µ—Ä –ø–æ —Å–æ–ø—Ä–æ–≤–æ–∂–¥–µ–Ω–∏—é –∫–ª–∏–µ–Ω—Ç–æ–≤ –∏–∑ –°–®–ê –∏ –ï–≤—Ä–æ–ø—ã (–∞–Ω–≥–ª. —è–∑. ),8 000 ‚Äì 17 000 –≥—Ä–Ω,"–ú—ã ‚Äî –∫–æ–º–ø–∞–Ω–∏—è —Å–æ —Å–≤–æ–µ–π —Å–µ—Ç—å—é –∏–Ω—Ç–µ—Ä–Ω–µ—Ç-–º–∞–≥–∞–∑–∏–Ω–æ–≤ –Ω–∞ —Ç–µ—Ä—Ä–∏—Ç–æ—Ä–∏–∏ –°–®–ê –∏ –ï–≤—Ä–æ–ø—ã. –ó–∞–Ω–∏–º–∞–µ–º—Å—è –ø—Ä–æ–∏–∑–≤–æ–¥—Å—Ç–≤–æ–º —Å–≤–æ–µ–π –ª–∏–Ω–µ–π–∫–∏ —Ç–æ–≤–∞—Ä–æ–≤ –≤ –∫–∞—Ç–µ–≥–æ—Ä–∏–∏ —Ç–æ–≤–∞—Ä–æ–≤ –¥–ª—è –¥–æ–º–∞ –∏ —Å–ø–æ—Ä—Ç–∞. –ü—Ä–æ–¥–∞–µ–º —Ç–æ–≤–∞—Ä—ã —á–µ—Ä–µ–∑ —Å–≤–æ—é —Å–µ—Ç—å –∏–Ω—Ç–µ—Ä–Ω–µ—Ç-–º–∞–≥–∞–∑–∏–Ω–æ–≤, –∞ —Ç–∞–∫–∂–µ —á–µ—Ä–µ–∑ –≤—Å–µ–º–∏—Ä–Ω–æ –∏–∑–≤–µ—Å—Ç–Ω—ã–µ –º–∞—Ä–∫–µ—Ç–ø–ª–µ–π—Å—ã ‚Äî Amazon.com, Walmart.com"
href,title,id,Job Title,payment,job_description
/ru/jobs/3379173/,–ê–¥–º—ñ–Ω—ñ—Å—Ç—Ä–∞—Ç–æ—Ä –∫–ª—ñ–Ω—ñ–∫–∏,3379173,–ê–¥–º—ñ–Ω—ñ—Å—Ç—Ä–∞—Ç–æ—Ä –∫–ª—ñ–Ω—ñ–∫–∏,11 000 –≥—Ä–Ω,–ì—Ä–∞—Ñ–∏–∫ —Ä–∞–±–æ—Ç—ã –∫–ª–∏–Ω–∏–∫–∏ —Å –ø–æ–Ω–µ–¥–µ–ª—å–Ω–∏–∫–∞ –ø–æ –ø—è—Ç–Ω–∏—Ü—É —Å 8 –¥–æ 19. –†–µ–∂–∏–º —Ä–∞–±–æ—Ç—ã 2 —á–µ—Ä–µ–∑ 2 –¥–Ω—è.
href,title,id,Job Title,payment,job_description
/ru/jobs/4036019/,–¢–æ—Ä–≥–æ–≤–∏–π –ø—Ä–µ–¥—Å—Ç–∞–≤–Ω–∏–∫,4036019,–¢–æ—Ä–≥–æ–≤–∏–π –ø—Ä–µ–¥—Å—Ç–∞–≤–Ω–∏–∫,11 000 ‚Äì 18 000 –≥—Ä–Ω,–ö–æ–º–ø–∞–Ω—ñ—è –¢–∑–û–í ¬´–û–ª–µ–æ-–ó–∞—Ö—ñ–¥¬ª ‚Äî –æ—Ñ—ñ—Ü—ñ–π–Ω–∏–π –¥–∏—Å—Ç—Ä–∏–±‚Äô—é—Ç–æ—Ä –∫–æ–Ω–¥–∏—Ç–µ—Ä—Å—å–∫–∏—Ö –≤–∏—Ä–æ–±—ñ–≤ —É –õ—å–≤–æ–≤—ñ —Ç–∞ –õ—å–≤—ñ–≤—Å—å–∫—ñ–π –æ–±–ª–∞—Å—Ç—ñ.
href,title,id,Job Title,payment,job_description
/ru/jobs/4559585/,–í–µ—Ç–µ—Ä–∏–Ω–∞—Ä —É –¢–µ—Ä–Ω–æ–ø—ñ–ª—å,4559585,–í–µ—Ç–µ—Ä–∏–Ω–∞—Ä —É –¢–µ—Ä–Ω–æ–ø—ñ–ª—å,25 000 ‚Äì 40 000 –≥—Ä–Ω,"–£ –≤–µ—Ç–µ—Ä–∏–Ω–∞—Ä–Ω—É –∫–ª—ñ–Ω—ñ–∫—É ¬´VetMedico¬ª –º. –¢–µ—Ä–Ω–æ–ø—ñ–ª—å –¥–ª—è —Ä–æ–±–æ—Ç–∏ –∑ –¥—Ä—ñ–±–Ω–∏–º–∏ –¥–æ–º–∞—à–Ω—ñ–º–∏ —Ç–≤–∞—Ä–∏–Ω–∞–º–∏ –ø–æ—Ç—Ä—ñ–±–µ–Ω ‚Äî –ª—ñ–∫–∞—Ä –≤–µ—Ç–µ—Ä–∏–Ω–∞—Ä–Ω–æ—ó –º–µ–¥–∏—Ü–∏–Ω–∏ (–≤—É–∑—å–∫–∞ —Å–ø–µ—Ü—ñ–∞–ª—ñ–∑–∞—Ü—ñ—è: —Ö—ñ—Ä—É—Ä–≥—ñ—è, –æ—Ä—Ç–æ–ø–µ–¥—ñ—è, —Ç—Ä–∞–≤–º–∞—Ç–æ–ª–æ–≥—ñ—è, –∞–Ω–µ—Å—Ç–µ–∑—ñ–æ–ª–æ–≥—ñ—è) "
href,title,id,Job Title,payment,job_description
/ru/jobs/4459294/,"–†–µ—Ç—É—à–µ—Ä, –º–æ–Ω—Ç–∞–∂–µ—Ä —Ñ–æ—Ç–æ",4459294,"–†–µ—Ç—É—à–µ—Ä, –º–æ–Ω—Ç–∞–∂–µ—Ä —Ñ–æ—Ç–æ",27 000 –≥—Ä–Ω,–ú–µ–∂–¥—É–Ω–∞—Ä–æ–¥–Ω–æ–µ –±—Ä–∞—á–Ω–æ–µ –∞–≥–µ–Ω—Ç—Å—Ç–≤–æ Jetset Agency –ø—Ä–∏–≥–ª–∞—à–∞–µ—Ç –∫ —Å–æ—Ç—Ä—É–¥–Ω–∏—á–µ—Å—Ç–≤—É –æ–ø—ã—Ç–Ω–æ–≥–æ –∏ —Ç–∞–ª–∞–Ω—Ç–ª–∏–≤–æ–≥–æ —Ä–µ—Ç—É—à–µ—Ä–∞/–º–æ–Ω—Ç–∞–∂–µ—Ä–∞ —Å –æ–ø—ã—Ç–æ–º —Ä–∞–±–æ—Ç—ã –æ—Ç 5 –ª–µ—Ç!
href,title,id,Job Title,payment,job_description
/ru/jobs/4404253/,–ê–¥–º–∏–Ω–∏—Å—Ç—Ä–∞—Ç–æ—Ä –≤ —Ñ–æ—Ç–æ—Å—Ç—É–¥–∏—é,4404253,–ê–¥–º–∏–Ω–∏—Å—Ç—Ä–∞—Ç–æ—Ä –≤ —Ñ–æ—Ç–æ—Å—Ç—É–¥–∏—é,9 000 ‚Äì 10 000 –≥—Ä–Ω,–ò—â–µ–º –∞–¥–º–∏–Ω–∏—Å—Ç—Ä–∞—Ç–æ—Ä–∞ –≤ —Å—Ç—É–¥–∏—é 7Sky
href,title,id,Job Title,payment,job_description
/ru/jobs/4052610/,–ë–∞—Ä–∏—Å—Ç–∞,4052610,–ë–∞—Ä–∏—Å—Ç–∞,13 500 ‚Äì 17 000 –≥—Ä–Ω,"–õ—é–¥–∏ ‚Äî —Ü–µ –≥–æ—Ä–¥—ñ—Å—Ç—å –Ω–∞—à–æ—ó –∫–æ–º–ø–∞–Ω—ñ—ó. –ê –Ω–∞—à–∞ –∫–æ–º–∞–Ω–¥–∞ ‚Äî –ø—É—à–∫–∞-—Ä–∞–∫–µ—Ç–∞! ‚ù§Ô∏è –ü—Ä–∏—Ö–æ–¥—å, —Ç–∞ –ø–µ—Ä–µ–∫–æ–Ω–∞–π—Å—è –≤ —Ü—å–æ–º—É —Å–∞–º! :)"
href,title,id,Job Title,payment,job_description
/ru/jobs/4558055/,–ü—Ä–æ–¥–∞–≤–µ—Ü—å-–∫–æ–Ω—Å—É–ª—å—Ç–∞–Ω—Ç (—Å—Ç. –º. –ì–µ—Ä–æ—ó–≤ –î–Ω—ñ–ø—Ä–∞),4558055,–ü—Ä–æ–¥–∞–≤–µ—Ü—å-–∫–æ–Ω—Å—É–ª—å—Ç–∞–Ω—Ç (—Å—Ç. –º. –ì–µ—Ä–æ—ó–≤ –î–Ω—ñ–ø—Ä–∞),15 000 ‚Äì 25 000 –≥—Ä–Ω,–ú–µ—Ä–µ–∂–∞ –º–∞–≥–∞–∑–∏–Ω—ñ–≤ –≤–∑—É—Ç—Ç—è ¬´Sezon¬ª ‚Äî –ª—ñ–¥–µ—Ä –∑ –ø—Ä–æ–¥–∞–∂—É –≤–∑—É—Ç—Ç—è –£–∫—Ä–∞—ó–Ω—Å—å–∫–∏—Ö –≤–∏—Ä–æ–±–Ω–∏–∫—ñ–≤.
href,title,id,Job Title,payment,job_description
/ru/jobs/4502782/,Sales manager with english,4502782,Sales manager with english,17 000 ‚Äì 40 000 –≥—Ä–Ω,"A successful company with many years of experience is looking for young, purposeful, development-oriented employees!"
href,title,id,Job Title,payment,job_description
/ru/jobs/3201061/,–í–æ–¥–∏—Ç–µ–ª—å —Å –ª–∏—á–Ω—ã–º –∞–≤—Ç–æ (–¥–æ—Å—Ç–∞–≤–∫–∞ –±—É—Ç–∏–ª–∏—Ä–æ–≤–∞–Ω–Ω–æ–π –≤–æ–¥—ã),3201061,–í–æ–¥–∏—Ç–µ–ª—å —Å –ª–∏—á–Ω—ã–º –∞–≤—Ç–æ (–¥–æ—Å—Ç–∞–≤–∫–∞ –±—É—Ç–∏–ª–∏—Ä–æ–≤–∞–Ω–Ω–æ–π –≤–æ–¥—ã),15 000 –≥—Ä–Ω,"–í –∫–æ–º–ø–∞–Ω–∏—é –ø–æ –¥–æ—Å—Ç–∞–≤–∫–µ –±—É—Ç–∏–ª–∏—Ä–æ–≤–∞–Ω–Ω–æ–π –≤–æ–¥—ã, —Ç—Ä–µ–±—É—é—Ç—Å—è –≤–æ–¥–∏—Ç–µ–ª–∏ —Å –ª–∏—á–Ω—ã–º –∞–≤—Ç–æ."
href,title,id,Job Title,payment,job_description
/ru/jobs/3484503/,–û–ø–µ—Ä–∞—Ç–æ—Ä –∑ —Ç–µ–ª–µ—Ñ–æ–Ω–Ω–∏—Ö –ø—Ä–æ–¥–∞–∂—ñ–≤,3484503,–û–ø–µ—Ä–∞—Ç–æ—Ä –∑ —Ç–µ–ª–µ—Ñ–æ–Ω–Ω–∏—Ö –ø—Ä–æ–¥–∞–∂—ñ–≤,9 000 ‚Äì 12 800 –≥—Ä–Ω,"Vodafone ‚Äî –º—ñ–∂–Ω–∞—Ä–æ–¥–Ω–∞ —Ç–µ–ª–µ–∫–æ–º—É–Ω—ñ–∫–∞—Ü—ñ–π–Ω–∞ –∫–æ–º–ø–∞–Ω—ñ—è, –ø–æ—Å–ª—É–≥–∞–º–∏ —è–∫–æ—ó –∫–æ—Ä–∏—Å—Ç—É—é—Ç—å—Å—è –º—ñ–ª—å–π–æ–Ω–∏ –∞–±–æ–Ω–µ–Ω—Ç—ñ–≤ –ø–æ –≤—Å—å–æ–º—É —Å–≤—ñ—Ç—É. –ö–æ–Ω—Ç–∞–∫—Ç-—Ü–µ–Ω—Ç—Ä ‚Äî –≥–æ–ª–æ–≤–Ω–∞ –∞—Ä—Ç–µ—Ä—ñ—è –Ω–∞—à–æ–≥–æ –±—ñ–∑–Ω–µ—Å—É, —â–æ –Ω–∞–¥–∞—î –∫–ª—ñ—î–Ω—Ç—Å—å–∫–∏–π —Å–µ—Ä–≤—ñ—Å –Ω–∞–π–≤–∏—â–æ—ó —è–∫–æ—Å—Ç—ñ. –Ø–∫—â–æ —Ç–∏ –º–æ–ª–æ–¥–∏–π, –∞–º–±—ñ—Ç–Ω–∏–π, –ø—Ä–∞–≥–Ω–µ—à –±—ñ–ª—å—à–æ–≥–æ —Ç–∞ –∫—Ä–∞—â–æ–≥–æ ‚Äî –¥–æ–ª—É—á–∞–π—Å—è –¥–æ –Ω–∞—à–æ—ó –∫–æ–º–∞–Ω–¥–∏ Vodafone –£–∫—Ä–∞—ó–Ω–∞!"
href,title,id,Job Title,payment,job_description
/ru/jobs/3593659/,–û–ø–µ—Ä–∞—Ç–æ—Ä call-—Ü–µ–Ω—Ç—Ä—É,3593659,–û–ø–µ—Ä–∞—Ç–æ—Ä call-—Ü–µ–Ω—Ç—Ä—É,8 000 ‚Äì 10 000 –≥—Ä–Ω,"Vodafone ‚Äî –º—ñ–∂–Ω–∞—Ä–æ–¥–Ω–∞ —Ç–µ–ª–µ–∫–æ–º—É–Ω—ñ–∫–∞—Ü—ñ–π–Ω–∞ –∫–æ–º–ø–∞–Ω—ñ—è, –ø–æ—Å–ª—É–≥–∞–º–∏ —è–∫–æ—ó –∫–æ—Ä–∏—Å—Ç—É—é—Ç—å—Å—è –º—ñ–ª—å–π–æ–Ω–∏ –∫–ª—ñ—î–Ω—Ç—ñ–≤ –ø–æ –≤—Å—å–æ–º—É —Å–≤—ñ—Ç—É. "
href,title,id,Job Title,payment,job_description
/ru/jobs/3448219/,–ü–æ–º–æ—â–Ω–∏–∫ —Ä—É–∫–æ–≤–æ–¥–∏—Ç–µ–ª—è –≤ –ø—Ä–∏—ë–º–Ω—É—é –õ–µ–æ–Ω–∏–¥–∞ –ß–µ—Ä–Ω–æ–≤–µ—Ü–∫–æ–≥–æ,3448219,–ü–æ–º–æ—â–Ω–∏–∫ —Ä—É–∫–æ–≤–æ–¥–∏—Ç–µ–ª—è –≤ –ø—Ä–∏—ë–º–Ω—É—é –õ–µ–æ–Ω–∏–¥–∞ –ß–µ—Ä–Ω–æ–≤–µ—Ü–∫–æ–≥–æ,67 500 –≥—Ä–Ω,"–î–æ–ª–∂–Ω–æ—Å—Ç—å –ø–æ–º–æ—â–Ω–∏–∫–∞ —Ä—É–∫–æ–≤–æ–¥–∏—Ç–µ–ª—è ‚Äî —ç—Ç–æ –Ω–µ —Ä–∞–±–æ—Ç–∞ ¬´–ø—Ä–∏–Ω–µ—Å–∏-–ø–æ–¥–∞–π¬ª –∏ ¬´–æ—Ç –∑–≤–æ–Ω–∫–∞ –¥–æ –∑–≤–æ–Ω–∫–∞¬ª, –∞ —à–∞–Ω—Å –∫–∞–∂–¥—ã–π –¥–µ–Ω—å —Ä–∞—Å—Ç–∏ –∏ –æ–±—Ä–µ—Ç–∞—Ç—å –Ω–µ–ø–æ–≤—Ç–æ—Ä–∏–º—ã–π –æ–ø—ã—Ç."
href,title,id,Job Title,payment,job_description
/ru/jobs/4465745/,–ü–æ–≤–∞—Ä-—É–Ω–∏–≤–µ—Ä—Å–∞–ª,4465745,–ü–æ–≤–∞—Ä-—É–Ω–∏–≤–µ—Ä—Å–∞–ª,22 000 ‚Äì 26 000 –≥—Ä–Ω,ITALIST Pizza Pasta Bar ‚Äî –∫–æ–Ω—Ü–µ–ø—Ç—É–∞–ª—å–Ω—ã–π —Ä–µ—Å—Ç–æ—Ä–∞–Ω –∏—Ç–∞–ª—å—è–Ω—Å–∫–æ–π –∫—É—Ö–Ω–∏ –ø—Ä–∏–≥–ª–∞—à–∞–µ—Ç –∫ —Å–µ–±–µ –≤ –∫–æ–º–∞–Ω–¥—É –ø–æ–≤–∞—Ä–∞ .
href,title,id,Job Title,payment,job_description
/ru/jobs/4243124/,–ü–æ–≤–∞—Ä-—Å—ã—Ä–æ–≤–∞—Ä,4243124,–ü–æ–≤–∞—Ä-—Å—ã—Ä–æ–≤–∞—Ä,15 000 ‚Äì 20 000 –≥—Ä–Ω,–¢—Ä–µ–±–æ–≤–∞–Ω–∏—è: 
href,title,id,Job Title,payment,job_description
/ru/jobs/3382847/,–ú–µ–Ω–µ–¥–∂–µ—Ä –∑ –ø—Ä–æ–¥–∞–∂—É,3382847,–ú–µ–Ω–µ–¥–∂–µ—Ä –∑ –ø—Ä–æ–¥–∞–∂—É,15 000 ‚Äì 40 000 –≥—Ä–Ω,"—Ä–æ–∑—à–∏—Ä–µ–Ω–Ω—è —Ä–∏–Ω–∫—É –∑–±—É—Ç—É –ø—Ä–æ–¥—É–∫—Ü—ñ—ó (—Ä–æ–∑–≤–∏—Ç–æ–∫ –ø—Ä–æ–¥–∞–∂—É –≤ –ñ–∏—Ç–æ–º–∏—Ä—Å—å–∫—ñ–π –æ–±–ª–∞—Å—Ç—ñ), –≤–∏–∫–æ–Ω–∞–Ω–Ω—è –ø–ª–∞–Ω—É –ø—Ä–æ–¥–∞–∂"
href,title,id,Job Title,payment,job_description
/ru/jobs/4033392/,Java Tech Lead,4033392,Java Tech Lead,Payment is not specified,Required skills:
href,title,id,Job Title,payment,job_description
/ru/jobs/4458531/,–ú–µ–Ω–µ–¥–∂–µ—Ä –ø–æ –ø—Ä–æ–¥–∞–∂–∞–º (–≥–æ—Ä—è—á–∏–µ –∑–≤–æ–Ω–∫–∏),4458531,–ú–µ–Ω–µ–¥–∂–µ—Ä –ø–æ –ø—Ä–æ–¥–∞–∂–∞–º (–≥–æ—Ä—è—á–∏–µ –∑–≤–æ–Ω–∫–∏),25 000 ‚Äì 50 000 –≥—Ä–Ω,"–£—Å–ø–µ—à–Ω–∞—è –∏ –¥—Ä—É–∂–Ω–∞—è –∫–æ–º–∞–Ω–¥–∞ –≤ —Å–≤—è–∑–∏ —Å —Ä–∞—Å—à–∏—Ä–µ–Ω–∏–µ–º, –∏—â–µ—Ç —è—Ä–∫–∏—Ö –∏ —Ü–µ–ª–µ—É—Å—Ç—Ä–µ–º–ª–µ–Ω–Ω—ã—Ö –ª–∏—á–Ω–æ—Å—Ç–µ–π, –¥–ª—è –∫–æ—Ç–æ—Ä—ã—Ö –∫–∞—Ä—å–µ—Ä–Ω—ã–π —Ä–æ—Å—Ç –∏ —Ä–∞–∑–≤–∏—Ç–∏–µ –Ω–µ –ø—Ä–æ—Å—Ç–æ —Å–ª–æ–≤–∞, –ª—é–¥–µ–π, –∫–æ—Ç–æ—Ä—ã–µ –Ω–∞—Ü–µ–ª–µ–Ω—ã –Ω–∞ —Ä–µ–∑—É–ª—å—Ç–∞—Ç, –≤–∏–¥—è—Ç –≤ —Å–µ–±–µ –ª–∏–¥–µ—Ä–∞ –∏ —á–µ–ª–æ–≤–µ–∫–∞, –∫–æ—Ç–æ—Ä—ã–π –≥–æ—Ç–æ–≤ –¥–≤–∏–≥–∞—Ç—å—Å—è –≤–ø–µ—Ä–µ–¥, –∞ –Ω–µ —Å—Ç–æ—è—Ç—å –Ω–∞ –º–µ—Å—Ç–µ."
href,title,id,Job Title,payment,job_description
/ru/jobs/3858947/,–ü—Ä–∏–±–∏—Ä–∞–ª—å–Ω–∏—Ü—è,3858947,–ü—Ä–∏–±–∏—Ä–∞–ª—å–Ω–∏—Ü—è,Payment is not specified,–ó–∞–ø—Ä–æ—à—É—î–º–æ –≤ —Å–≤–æ—é –∫–æ–º–∞–Ω–¥—É: –ü—Ä–∏–±–∏—Ä–∞–ª—å–Ω–∏–∫—ñ–≤
href,title,id,Job Title,payment,job_description
/ru/jobs/4559315/,–ú–µ–Ω–µ–¥–∂–µ—Ä –ø–æ –∫—Ä–µ–¥–∏—Ç–æ–≤–∞–Ω–∏—é,4559315,–ú–µ–Ω–µ–¥–∂–µ—Ä –ø–æ –∫—Ä–µ–¥–∏—Ç–æ–≤–∞–Ω–∏—é,Payment is not specified,–†–µ–≥–∏–æ–Ω: –≥. –ì–æ—Ä–∏—à–Ω–∏–µ –ü–ª–∞–≤–Ω–∏.
href,title,id,Job Title,payment,job_description
/ru/jobs/4559291/,–ì—Ä—É–∑—á–∏–∫,4559291,–ì—Ä—É–∑—á–∏–∫,10 200 ‚Äì 14 600 –≥—Ä–Ω,"–í–Ω–∏–º–∞–Ω–∏–µ, –º—É–∂—á–∏–Ω—ã!"
href,title,id,Job Title,payment,job_description
/ru/jobs/4524902/,–ì—Ä—É–∑—á–∏–∫,4524902,–ì—Ä—É–∑—á–∏–∫,10 000 ‚Äì 13 900 –≥—Ä–Ω,"–í–Ω–∏–º–∞–Ω–∏–µ, –º—É–∂—á–∏–Ω—ã!"
href,title,id,Job Title,payment,job_description
/ru/jobs/4046029/,–ü–æ–º—ñ—á–Ω–∏–∫ –Ω–æ—Ç–∞—Ä—ñ—É—Å–∞,4046029,–ü–æ–º—ñ—á–Ω–∏–∫ –Ω–æ—Ç–∞—Ä—ñ—É—Å–∞,20 000 ‚Äì 25 000 –≥—Ä–Ω,–†–æ–∑–≥–ª—è–¥–∞—î–º–æ —Ä–µ–∑—é–º–µ —Ç—ñ–ª—å–∫–∏ –∑ –¥–æ—Å–≤—ñ–¥–æ–º —Ä–æ–±–æ—Ç–∏ —É —Å—Ñ–µ—Ä—ñ –Ω–æ—Ç–∞—Ä—ñ–∞—Ç—É!
href,title,id,Job Title,payment,job_description
/ru/jobs/4559245/,SEO-—Å–ø–µ—Ü–∏–∞–ª–∏—Å—Ç,4559245,SEO-—Å–ø–µ—Ü–∏–∞–ª–∏—Å—Ç,15 000 ‚Äì 30 000 –≥—Ä–Ω,–¢—Ä–µ–±–æ–≤–∞–Ω–∏—è: –†–µ–∞–ª—å–Ω—ã–π –∏ –ø—Ä–∞–∫—Ç–∏—á–µ—Å–∫–∏–π –æ–ø—ã—Ç –≤ SEO –∏–Ω–¥—É—Å—Ç—Ä–∏–∏. –í—Å–µ –æ—Å—Ç–∞–ª—å–Ω—ã–µ –ø—Ä–µ–¥–ª–æ–∂–µ–Ω–∏—è –Ω–µ –±—É–¥–µ—Ç —Ä–∞—Å—Å–º–∞—Ç—Ä–∏–≤–∞—Ç—å—Å—è. 
href,title,id,Job Title,payment,job_description
/ru/jobs/4390008/,–î–∏–∑–∞–π–Ω–µ—Ä –∫–æ—Ä–ø—É—Å–Ω–∏—Ö –º–µ–±–ª—ñ–≤,4390008,–î–∏–∑–∞–π–Ω–µ—Ä –∫–æ—Ä–ø—É—Å–Ω–∏—Ö –º–µ–±–ª—ñ–≤,7 000 ‚Äì 17 000 –≥—Ä–Ω,–í–∏ –î–∏–∑–∞–π–Ω–µ—Ä –∫–æ—Ä–ø—É—Å–Ω–∏—Ö –º–µ–±–ª—ñ–≤? –¢–æ–¥—ñ –∑–∞–ø—Ä–æ—à—É—î–º–æ –≤–∞—Å —Å—Ç–∞—Ç–∏ —á–∞—Å—Ç–∏–Ω–æ—é –Ω–∞—à–æ—ó —Å—ñ–º'—ó!
href,title,id,Job Title,payment,job_description
/ru/jobs/4559227/,"–°—Ç–∞—Ä—à–∏–π –æ—Ñ–∏—Ü–∏–∞–Ω—Ç, –∞–¥–º–∏–Ω–∏—Å—Ç—Ä–∞—Ç–æ—Ä",4559227,"–°—Ç–∞—Ä—à–∏–π –æ—Ñ–∏—Ü–∏–∞–Ω—Ç, –∞–¥–º–∏–Ω–∏—Å—Ç—Ä–∞—Ç–æ—Ä",14 000 ‚Äì 17 000 –≥—Ä–Ω,"–ú—ã, –±–∞—Ä —Å –ø—Ä–µ–∫—Ä–∞—Å–Ω—ã–º –≤–∏–Ω–∏—à–∫–æ–º –∏ –ª—É—á—à–µ–π –ø–∏—Ü—Ü–µ–π ‚Äî ¬´MurMur¬ª, –Ω–∞—Ö–æ–¥–∏–º—Å—è –≤ –ø–æ–∏—Å–∫–∞—Ö —Ç–æ–≥–æ —Å–∞–º–æ–≥–æ –∞–º–±–∏—Ü–∏–æ–∑–Ω–æ–≥–æ —Å—Ç–∞—Ä—à–µ–≥–æ –æ—Ñ–∏—Ü–∏–∞–Ω—Ç–∞!"
href,title,id,Job Title,payment,job_description
/ru/jobs/4558665/,"C—Ç–∞–Ω–æ—á–Ω–∏–∫, –æ–ø–µ—Ä–∞—Ç–æ—Ä –ß–ü–£ (–º–µ—Ç–∞–ª–ª–æ–æ–±—Ä–∞–±–æ—Ç–∫–∞)",4558665,"C—Ç–∞–Ω–æ—á–Ω–∏–∫, –æ–ø–µ—Ä–∞—Ç–æ—Ä –ß–ü–£ (–º–µ—Ç–∞–ª–ª–æ–æ–±—Ä–∞–±–æ—Ç–∫–∞)",21 000 –≥—Ä–Ω,"–î–æ–ø–æ–º–∞–≥–∞—î–º–æ –ø–∞—Ä—Ç–Ω–µ—Ä—É: –º—ñ–∂–Ω–∞—Ä–æ–¥–Ω–∞ –º–∞—à–∏–Ω–æ–±—É–¥—ñ–≤–Ω–∞ –∫–æ–º–ø–∞–Ω—ñ—è –∑—ñ —Å–≤—ñ—Ç–æ–≤–∏–º —ñ–º'—è–º, –∑–∞–ø—Ä–æ—à—É—î —Ä–æ–±—ñ—Ç–Ω–∏–∫—ñ–≤, —ñ–Ω–∂–µ–Ω–µ—Ä–Ω–æ-—Ç–µ—Ö–Ω—ñ—á–Ω–∏—Ö –ø—Ä–∞—Ü—ñ–≤–Ω–∏–∫—ñ–≤."
href,title,id,Job Title,payment,job_description
/ru/jobs/3772909/,"–í–æ–¥–∏—Ç–µ–ª—å –Ω–∞ –∞–≤—Ç–æ –∫–æ–º–ø–∞–Ω–∏–∏ (Bolt, —Å –ø—Ä–æ–∂–∏–≤–∞–Ω–∏–µ–º)",3772909,"–í–æ–¥–∏—Ç–µ–ª—å –Ω–∞ –∞–≤—Ç–æ –∫–æ–º–ø–∞–Ω–∏–∏ (Bolt, —Å –ø—Ä–æ–∂–∏–≤–∞–Ω–∏–µ–º)",18 000 ‚Äì 28 000 –≥—Ä–Ω,–í —Å–≤—è–∑–∏ —Å —Ä–∞—Å—à–∏—Ä–µ–Ω–∏–µ–º –∞–≤—Ç–æ–ø–∞—Ä–∫–∞ –ø—Ä–∏–≥–ª–∞—à–∞–µ–º –Ω–∞ —Ä–∞–±–æ—Ç—É –≤–æ–¥–∏—Ç–µ–ª–µ–π –Ω–∞ –∞–≤—Ç–æ–º–æ–±–∏–ª—å –∫–æ–º–ø–∞–Ω–∏–∏.
href,title,id,Job Title,payment,job_description
/ru/jobs/4219165/,–ü—Ä–æ–¥–∞–≤–µ—Ü—å-–∫–æ–Ω—Å—É–ª—å—Ç–∞–Ω—Ç –º–æ–±—ñ–ª—å–Ω–∏—Ö —Ç–µ–ª–µ—Ñ–æ–Ω—ñ–≤ —ñ –∞–∫—Å–µ—Å—É–∞—Ä—ñ–≤ –≤ –¢–†–¶ (–æ—Å—Ç—Ä—ñ–≤),4219165,–ü—Ä–æ–¥–∞–≤–µ—Ü—å-–∫–æ–Ω—Å—É–ª—å—Ç–∞–Ω—Ç –º–æ–±—ñ–ª—å–Ω–∏—Ö —Ç–µ–ª–µ—Ñ–æ–Ω—ñ–≤ —ñ –∞–∫—Å–µ—Å—É–∞—Ä—ñ–≤ –≤ –¢–†–¶ (–æ—Å—Ç—Ä—ñ–≤),35 000 –≥—Ä–Ω,"–¢–æ—Ä–≥—ñ–≤–µ–ª—å–Ω–∞ –º–µ—Ä–µ–∂–∞ ¬´–°–º–∞—Ä—Ç—à–æ–ø¬ª http://smartshop.com.ua/ –∑–∞–ø—Ä–æ—à—É—î –Ω–∞ —Ä–æ–±–æ—Ç—É –ø—Ä–æ–¥–∞–≤—Ü—è-–∫–æ–Ω—Å—É–ª—å—Ç–∞–Ω—Ç–∞ –¥–ª—è —Ä–æ–∑–¥—Ä—ñ–±–Ω–æ–≥–æ –ø—Ä–æ–¥–∞–∂—É –º–æ–±—ñ–ª—å–Ω–∏—Ö —Ç–µ–ª–µ—Ñ–æ–Ω—ñ–≤ —Ç–∞ –∞–∫—Å–µ—Å—É–∞—Ä—ñ–≤ –≤ –º. –ö–∏—ó–≤ (–¢–†–¶ ¬´Promenada Park¬ª, ¬´Retroville¬ª, ¬´–†–∞–πON¬ª)."
href,title,id,Job Title,payment,job_description
/ru/jobs/4559220/,–ü–æ–≤–∞—Ä-—É–Ω–∏–≤–µ—Ä—Å–∞–ª,4559220,–ü–æ–≤–∞—Ä-—É–Ω–∏–≤–µ—Ä—Å–∞–ª,16 000 ‚Äì 19 000 –≥—Ä–Ω,–ü—Ä–∏–≤–µ—Ç! 
href,title,id,Job Title,payment,job_description
/ru/jobs/4475471/,–°–ø–µ—Ü–∏–∞–ª–∏—Å—Ç –∏–≥—Ä–æ–≤–æ–π –ø–æ–¥–¥–µ—Ä–∂–∫–∏ World of Tanks (—á–∞—Ç—ã),4475471,–°–ø–µ—Ü–∏–∞–ª–∏—Å—Ç –∏–≥—Ä–æ–≤–æ–π –ø–æ–¥–¥–µ—Ä–∂–∫–∏ World of Tanks (—á–∞—Ç—ã),Payment is not specified,–≠—Ç–æ –Ω–æ–≤–∞—è –≤–∞–∫–∞–Ω—Å–∏—è –≤ –≥—Ä—É–ø–ø–µ –∫–ª–∏–µ–Ω—Ç—Å–∫–æ–π –ø–æ–¥–¥–µ—Ä–∂–∫–∏ 
href,title,id,Job Title,payment,job_description
/ru/jobs/4058104/,–ü–µ—Ä–µ–≤–æ–¥—á–∏–∫ –∞–Ω–≥–ª–∏–π—Å–∫–æ–≥–æ —è–∑—ã–∫–∞ –≤ –±—Ä–∞—á–Ω–æ–µ –∞–≥–µ–Ω—Ç—Å—Ç–≤–æ,4058104,–ü–µ—Ä–µ–≤–æ–¥—á–∏–∫ –∞–Ω–≥–ª–∏–π—Å–∫–æ–≥–æ —è–∑—ã–∫–∞ –≤ –±—Ä–∞—á–Ω–æ–µ –∞–≥–µ–Ω—Ç—Å—Ç–≤–æ,10 000 ‚Äì 25 000 –≥—Ä–Ω,"–ü—Ä–∏–±—ã–ª—å–Ω–∞—è, —Ä–∞–∑–≤–∏–≤–∞—é—â–∞—è –∏ –∏–Ω—Ç–µ—Ä–µ—Å–Ω–∞—è —É–¥–∞–ª–µ–Ω–Ω–∞—è –æ–Ω–ª–∞–π–Ω —Ä–∞–±–æ—Ç–∞ –≤ —Å—Ç—É–¥–∏–∏ –æ–±—â–µ–Ω–∏—è Socialcraft.studio –∏ –Ω–µ –º–µ–Ω–µ–µ –∏–Ω—Ç–µ—Ä–µ—Å–Ω–æ–µ –æ–Ω–ª–∞–π–Ω —Å–æ–±–µ—Å–µ–¥–æ–≤–∞–Ω–∏–µ –≤ –¢–µ–ª–µ–≥—Ä–∞–º–º –ø–æ —Å—Å—ã–ª–∫–µ SocialCraft_Bot "
href,title,id,Job Title,payment,job_description
/ru/jobs/3929332/,–ê—Å—Å–∏—Å—Ç–µ–Ω—Ç –ø—Ä–æ–¥—é—Å–µ—Ä–∞ –ø–æ –∑–∞–∫–∞–¥—Ä–æ–≤–æ–º—É –æ–∑–≤—É—á–∏–≤–∞–Ω–∏—é,3929332,–ê—Å—Å–∏—Å—Ç–µ–Ω—Ç –ø—Ä–æ–¥—é—Å–µ—Ä–∞ –ø–æ –∑–∞–∫–∞–¥—Ä–æ–≤–æ–º—É –æ–∑–≤—É—á–∏–≤–∞–Ω–∏—é,20 000 –≥—Ä–Ω,"–ü—Ä–∏–≤–µ—Ç! –ü–µ—Ä–µ–¥ —Ç–æ–±–æ–π –≤–∞–∫–∞–Ω—Å–∏—è –∏–∑ –±—É–¥—É—â–µ–≥–æ ‚Äî —Ç–æ–≥–æ —Å–∞–º–æ–≥–æ, –≤ –∫–æ—Ç–æ—Ä–æ–º –ª—é–¥–∏ –ø–µ—Ä–µ—Å—Ç–∞–ª–∏ –ø—Ä–æ—Å—Ç–æ —Ö–æ–¥–∏—Ç—å –Ω–∞ —Ä–∞–±–æ—Ç—É –∏ –ø–æ–ª—É—á–∞—Ç—å –∑–∞ —ç—Ç–æ –¥–µ–Ω—å–≥–∏. –ú—ã –≤–∫–ª–∞–¥—ã–≤–∞–µ–º —Å–≤–æ—ë –≤—Ä–µ–º—è, –ª—é–±–æ–≤—å –∏ —Ç–≤–æ—Ä—á–µ—Å–∫—É—é —ç–Ω–µ—Ä–≥–∏—é –≤ —Å–æ–∑–¥–∞–Ω–∏–µ –∫–æ–Ω—Ç–µ–Ω—Ç–∞, –∫–æ—Ç–æ—Ä—ã–π —Å–º–æ—Ç—Ä—è—Ç –≤–æ –≤—Å–µ–º –º–∏—Ä–µ."
href,title,id,Job Title,payment,job_description
/ru/jobs/4340315/,–î–∏—Å–ø–µ—Ç—á–µ—Ä-–ª–æ–≥—ñ—Å—Ç,4340315,–î–∏—Å–ø–µ—Ç—á–µ—Ä-–ª–æ–≥—ñ—Å—Ç,17 000 –≥—Ä–Ω,–í–∏–º–æ–≥–∏: 
href,title,id,Job Title,payment,job_description
/ru/jobs/4559012/,–û–ø–µ—Ä–∞—Ç–æ—Ä —Å–ª–æ—Ç-–∑–∞–ª–∞ (–∫–∞–∑–∏–Ω–æ),4559012,–û–ø–µ—Ä–∞—Ç–æ—Ä —Å–ª–æ—Ç-–∑–∞–ª–∞ (–∫–∞–∑–∏–Ω–æ),16 000 –≥—Ä–Ω,"–ö–æ–º–ø–∞–Ω–∏—è ¬´3–ú+¬ª —Ä–∞–∑–≤–∏–≤–∞–µ—Ç –ª–µ–≥–∞–ª—å–Ω—ã–π –∏–≥–æ—Ä–Ω—ã–π –±–∏–∑–Ω–µ—Å –≤ –£–∫—Ä–∞–∏–Ω–µ. –ú—ã —Å–æ–±–∏—Ä–∞–µ–º –∫–æ–º–∞–Ω–¥—É –ª—É—á—à–∏—Ö —Å–ø–µ—Ü–∏–∞–ª–∏—Å—Ç–æ–≤, —á—Ç–æ–±—ã –≤–º–µ—Å—Ç–µ —Ä–∞–∑–≤–∏–≤–∞—Ç—å –∫—É–ª—å—Ç—É—Ä—É –∞–∑–∞—Ä—Ç–Ω—ã—Ö –∏–≥—Ä –∏ —Å—Ç–∞–Ω–æ–≤–∏—Ç—å—Å—è –ª–∏–¥–µ—Ä–∞–º–∏ –≤ —ç—Ç–æ–π –æ–±–ª–∞—Å—Ç–∏."
href,title,id,Job Title,payment,job_description
/ru/jobs/4444776/,–ü—Ä–æ–¥–∞–≤–µ—Ü—å-–∫–æ–Ω—Å—É–ª—å—Ç–∞–Ω—Ç,4444776,–ü—Ä–æ–¥–∞–≤–µ—Ü—å-–∫–æ–Ω—Å—É–ª—å—Ç–∞–Ω—Ç,12 000 –≥—Ä–Ω,–ü—Ä–æ –Ω–∞—Å: –ù–∞—à—ñ –º–∞–≥–∞–∑–∏–Ω–∏ —Ü–µ —Ä–∞–π –¥–ª—è –º–æ–¥–Ω–∏—Ü—å —ñ –¥—Ä—É–≥–∏–π –¥—ñ–º –¥–ª—è –ø—Ä–∞—Ü—ñ–≤–Ω–∏–∫—ñ–≤. –ú–∏ –ø—Ä–æ–ø–æ–Ω—É—î–º–æ –∫–æ–º—Ñ–æ—Ä—Ç–Ω—ñ —É–º–æ–≤–∏ –ø—Ä–∞—Ü—ñ –∑ –¥–æ—Å—Ç–æ–π–Ω–æ—é –∑–∞—Ä–æ–±—ñ—Ç–Ω–æ—é –ø–ª–∞—Ç–æ—é! 
href,title,id,Job Title,payment,job_description
/ru/jobs/3690213/,–°—Ç–æ–ª—è—Ä-–º–µ–±–µ–ª—å—â–∏–∫,3690213,–°—Ç–æ–ª—è—Ä-–º–µ–±–µ–ª—å—â–∏–∫,16 000 ‚Äì 30 000 –≥—Ä–Ω,"–ö–æ–º–ø–∞–Ω–∏—è –æ—Ç–∫—Ä—ã–ª–∞ –≤–∞–∫–∞–Ω—Å–∏—é –Ω–∞ –¥–æ–ª–∂–Ω–æ—Å—Ç—å –°—Ç–æ–ª—è—Ä-–º–µ–±–µ–ª—å—â–∏–∫, —Ä–∞—Å—Å–º–∞—Ç—Ä–∏–≤–∞–µ–º –∫–∞–Ω–¥–∏–¥–∞—Ç–æ–≤ —Ç–æ–ª—å–∫–æ —Å–ø–µ—Ü–∏–∞–ª–∏—Å—Ç–æ–≤ —Å –æ–ø—ã—Ç–æ–º —Ä–∞–±–æ—Ç—ã –≤ —Å—Ç–æ–ª—è—Ä–Ω–æ–º –¥–µ–ª–µ. –ü—Ä–æ–∏–∑–≤–æ–¥—Å—Ç–≤–æ –Ω–∞—Ö–æ–¥–∏—Ç—å—Å—è –≤ –ö–∏–µ–≤–æ—Å–≤—è—Ç–æ—à–∏–Ω—Å–∫–æ–º —Ä–∞–π–æ–Ω–µ —Å–µ–ª–æ –°—Ç–æ—è–Ω–∫–∞ (15 –º–∏–Ω –æ—Ç —Å—Ç.–º. –ñ–∏—Ç–æ–º–µ—Ä—Å–∫–∞—è) "
href,title,id,Job Title,payment,job_description
/ru/jobs/4205268/,–ú–µ–Ω–µ–¥–∂–µ—Ä –ø–æ –ø—Ä–æ–¥–∞–∂–∞–º,4205268,–ú–µ–Ω–µ–¥–∂–µ—Ä –ø–æ –ø—Ä–æ–¥–∞–∂–∞–º,15 000 ‚Äì 40 000 –≥—Ä–Ω,–í –ö–∏–µ–≤—Å–∫–æ–µ –ø—Ä–µ–¥—Å—Ç–∞–≤–∏—Ç–µ–ª—å—Å—Ç–≤–æ –∫–æ–º–ø–∞–Ω–∏–∏ –ï–í–†–û–ú–ï–î —Ç—Ä–µ–±—É–µ—Ç—Å—è –º–µ–Ω–µ–¥–∂–µ—Ä –ø–æ –ø—Ä–æ–¥–∞–∂–∞–º —É—Å–ª—É–≥. –ú–´ ‚Äî –ª–∏–¥–µ—Ä—ã –Ω–∞ —Ä—ã–Ω–∫–µ ¬´–¢—Ä—É–¥–æ—É—Å—Ç—Ä–æ–π—Å—Ç–≤–æ –º–µ–¥–∏—Ü–∏–Ω—Å–∫–∏—Ö —Å–ø–µ—Ü–∏–∞–ª–∏—Å—Ç–æ–≤ –≤ –ü–æ–ª—å—à–µ¬ª. –ë–æ–ª–µ–µ 6-—Ç–∏ –ª–µ—Ç –æ–ø—ã—Ç–∞ —Ä–∞–±–æ—Ç—ã –≤ –¥–∞–Ω–Ω–æ–º –Ω–∞–ø—Ä–∞–≤–ª–µ–Ω–∏–∏. –ö–æ–Ω–∫—É—Ä–µ–Ω—Ç—ã –ø–æ–¥–ø–∏—Å–∞–Ω—ã –Ω–∞ –≤—Å–µ –Ω–∞—à–∏ —Å–æ—Ü.—Å–µ—Ç–∏ –∏ –∫–∞–Ω–∞–ª—ã –ø–æ—Ç–æ–º—É —á—Ç–æ –Ω–∏–∫—Ç–æ –Ω–µ –æ–±–ª–∞–¥–∞–µ—Ç —Ç–∞–∫–∏–º –æ–ø—ã—Ç–æ–º –∏ –ø–æ–ª–Ω–æ—Ç–æ–π –∑–Ω–∞–Ω–∏–π –∫–∞–∫ –Ω–∞—à–∞ –∫–æ–º–ø–∞–Ω–∏—è. 
href,title,id,Job Title,payment,job_description
/ru/jobs/2216399/,–†–∞–∑–Ω–æ—Ä–∞–±–æ—á–∏–π (–∫–æ–ª–∫–∞ –¥—Ä–æ–≤),2216399,–†–∞–∑–Ω–æ—Ä–∞–±–æ—á–∏–π (–∫–æ–ª–∫–∞ –¥—Ä–æ–≤),17 000 ‚Äì 23 000 –≥—Ä–Ω,–¢—Ä–µ–±–æ–≤–∞–Ω–∏—è:
href,title,id,Job Title,payment,job_description
/ru/jobs/3690225/,"–ö–æ–Ω—Å—Ç—Ä—É–∫—Ç–æ—Ä, –ø–æ–º—ñ—á–Ω–∏–∫ –∫–µ—Ä—ñ–≤–Ω–∏–∫–∞",3690225,"–ö–æ–Ω—Å—Ç—Ä—É–∫—Ç–æ—Ä, –ø–æ–º—ñ—á–Ω–∏–∫ –∫–µ—Ä—ñ–≤–Ω–∏–∫–∞",18 000 ‚Äì 30 000 –≥—Ä–Ω,–û–ø–∏—Å–∞–Ω–∏–µ –≤–∞–∫–∞–Ω—Å–∏–∏
href,title,id,Job Title,payment,job_description
/ru/jobs/4020774/,–ú–µ–Ω–µ–¥–∂–µ—Ä –ø–æ –æ–ø—Ç–æ–≤—ã–º –ø—Ä–æ–¥–∞–∂–∞–º,4020774,–ú–µ–Ω–µ–¥–∂–µ—Ä –ø–æ –æ–ø—Ç–æ–≤—ã–º –ø—Ä–æ–¥–∞–∂–∞–º,20 000 ‚Äì 25 000 –≥—Ä–Ω,"–ö–æ–º–ø–∞–Ω–∏—è ¬´–ú–∞–º–∏–Ω –î–æ–º¬ª –≤ –∞–∫—Ç–∏–≤–Ω–æ–º –ø–æ–∏—Å–∫–µ —Ä–µ–∑—É–ª—å—Ç–∞—Ç–∏–≤–Ω–æ–≥–æ –ú–µ–Ω–µ–¥–∂–µ—Ä–∞ –≤ –Ω–∞–ø—Ä–∞–≤–ª–µ–Ω–∏–µ –æ–ø—Ç–æ–≤—ã—Ö –ø—Ä–æ–¥–∞–∂ –±–µ–ª—å—è –¥–ª—è –±–µ—Ä–µ–º–µ–Ω–Ω—ã—Ö –∏ –∫–æ—Ä–º—è—â–∏—Ö –º–∞–º, –∞ —Ç–∞–∫–∂–µ –¥–µ—Ç—Å–∫–æ–π –æ–¥–µ–∂–¥—ã "
href,title,id,Job Title,payment,job_description
/ru/jobs/4257016/,–ê–¥–º–∏–Ω–∏—Å—Ç—Ä–∞—Ç–æ—Ä –æ—Ç–¥–µ–ª–∞ –ø—Ä–æ–¥–∞–∂,4257016,–ê–¥–º–∏–Ω–∏—Å—Ç—Ä–∞—Ç–æ—Ä –æ—Ç–¥–µ–ª–∞ –ø—Ä–æ–¥–∞–∂,10 000 –≥—Ä–Ω,–û–ø–∏—Å–∞–Ω–∏–µ –≤–∞–∫–∞–Ω—Å–∏–∏
href,title,id,Job Title,payment,job_description
/ru/jobs/4559146/,–°–ª–µ—Å–∞—Ä—å-–º–æ–Ω—Ç–∞–∂–Ω–∏–∫ –º–∞–≥–∏—Å—Ç—Ä–∞–ª—å–Ω—ã—Ö —Ç—Ä—É–±–æ–ø—Ä–æ–≤–æ–¥–æ–≤ –∏ –∫–æ—Ç–ª–æ–≤–æ–≥–æ –æ–±–æ—Ä—É–¥–æ–≤–∞–Ω–∏—è,4559146,–°–ª–µ—Å–∞—Ä—å-–º–æ–Ω—Ç–∞–∂–Ω–∏–∫ –º–∞–≥–∏—Å—Ç—Ä–∞–ª—å–Ω—ã—Ö —Ç—Ä—É–±–æ–ø—Ä–æ–≤–æ–¥–æ–≤ –∏ –∫–æ—Ç–ª–æ–≤–æ–≥–æ –æ–±–æ—Ä—É–¥–æ–≤–∞–Ω–∏—è,20 000 –≥—Ä–Ω,–ù–∞ –ø–æ—Å—Ç–æ—è–Ω–Ω—É—é —Ä–∞–±–æ—Ç—É —Ç—Ä–µ–±—É—é—Ç—Å—è —Å–ª–µ—Å–∞—Ä–∏-–º–æ–Ω—Ç–∞–∂–Ω–∏–∫–∏ –º–∞–≥–∏—Å—Ç—Ä–∞–ª—å–Ω—ã—Ö —Ç—Ä—É–±–æ–ø—Ä–æ–≤–æ–¥–æ–≤ –∏ –∫–æ—Ç–ª–æ–≤–æ–≥–æ –æ–±–æ—Ä—É–¥–æ–≤–∞–Ω–∏—è. –í–æ–∑–º–æ–∂–Ω–æ —Ç—Ä—É–¥–æ—É—Å—Ç—Ä–æ–π—Å—Ç–≤–æ —Ü–µ–ª–æ–π –±—Ä–∏–≥–∞–¥—ã –∏ —Ä–∞–±–æ—Ç–∞ –ø–æ —Å–æ–≤–º–µ—Å—Ç–∏—Ç–µ–ª—å—Å—Ç–≤—É.
href,title,id,Job Title,payment,job_description
/ru/jobs/4559144/,–°–≤–∞—Ä—â–∏–∫-–≥–∞–∑–æ—Ä–µ–∑—á–∏–∫ –∫–æ—Ç–ª–æ–≤–æ–≥–æ –æ–±–æ—Ä—É–¥–æ–≤–∞–Ω–∏—è –∏ –º–∞–≥–∏—Å—Ç—Ä–∞–ª—å–Ω—ã—Ö —Ç—Ä—É–±–æ–ø—Ä–æ–≤–æ–¥–æ–≤,4559144,–°–≤–∞—Ä—â–∏–∫-–≥–∞–∑–æ—Ä–µ–∑—á–∏–∫ –∫–æ—Ç–ª–æ–≤–æ–≥–æ –æ–±–æ—Ä—É–¥–æ–≤–∞–Ω–∏—è –∏ –º–∞–≥–∏—Å—Ç—Ä–∞–ª—å–Ω—ã—Ö —Ç—Ä—É–±–æ–ø—Ä–æ–≤–æ–¥–æ–≤,20 000 ‚Äì 22 000 –≥—Ä–Ω,–ù–∞ –ø–æ—Å—Ç–æ—è–Ω–Ω—É—é —Ä–∞–±–æ—Ç—É —Ç—Ä–µ–±—É—é—Ç—Å—è —Å–≤–∞—Ä—â–∏–∫–∏ –º–∞–≥–∏—Å—Ç—Ä–∞–ª—å–Ω—ã—Ö —Ç—Ä—É–±–æ–ø—Ä–æ–≤–æ–¥–æ–≤ –∏ –∫–æ—Ç–ª–æ–≤–æ–≥–æ –æ–±–æ—Ä—É–¥–æ–≤–∞–Ω–∏—è. –í–æ–∑–º–æ–∂–Ω–æ —Ç—Ä—É–¥–æ—É—Å—Ç—Ä–æ–π—Å—Ç–≤–æ —Ü–µ–ª–æ–π –±—Ä–∏–≥–∞–¥—ã –∏ —Ä–∞–±–æ—Ç–∞ –ø–æ —Å–æ–≤–º–µ—Å—Ç–∏—Ç–µ–ª—å—Å—Ç–≤—É.
href,title,id,Job Title,payment,job_description
/ru/jobs/4554394/,Account manager with english,4554394,Account manager with english,30 000 ‚Äì 60 000 –≥—Ä–Ω,"A successful company with many years of experience is looking for young, purposeful, development-oriented employees!"
href,title,id,Job Title,payment,job_description
/ru/jobs/3698058/,–†–µ–∫—Ä—É—Ç–µ—Ä,3698058,–†–µ–∫—Ä—É—Ç–µ—Ä,Payment is not specified,"–ö–æ–º–ø–∞–Ω—ñ—è SHEN ‚Äî –ª—ñ–¥–µ—Ä –Ω–∞ —Ä–∏–Ω–∫—É –£–∫—Ä–∞—ó–Ω–∏ –≤ –Ω–∞–¥–∞–Ω–Ω—ñ –ø–æ—Å–ª—É–≥ FACILITY,"
href,title,id,Job Title,payment,job_description
/ru/jobs/4028403/,–ü—Ä–∏–±–∏—Ä–∞–ª—å–Ω–∏—Ü—è (–í–∞—Å–∏—â–µ–≤–æ),4028403,–ü—Ä–∏–±–∏—Ä–∞–ª—å–Ω–∏—Ü—è (–í–∞—Å–∏—â–µ–≤–æ),5 800 ‚Äì 6 500 –≥—Ä–Ω,–ó–∞–ø—Ä–æ—à—É—î–º–æ –≤ —Å–≤–æ—é –∫–æ–º–∞–Ω–¥—É: –ü—Ä–∏–±–∏—Ä–∞–ª—å–Ω–∏–∫—ñ–≤ 
href,title,id,Job Title,payment,job_description
/ru/jobs/4316162/,"–ü—Ä–∏–±–∏—Ä–∞–ª—å–Ω–∏–∫ (–¢–¶ ""–ë–ª–æ–∫–±–∞—Å—Ç–µ—Ä"")",4316162,"–ü—Ä–∏–±–∏—Ä–∞–ª—å–Ω–∏–∫ (–¢–¶ ""–ë–ª–æ–∫–±–∞—Å—Ç–µ—Ä"")",Payment is not specified,–ó–∞–ø—Ä–æ—à—É—î–º–æ –≤ —Å–≤–æ—é –∫–æ–º–∞–Ω–¥—É: –ü—Ä–∏–±–∏—Ä–∞–ª—å–Ω–∏–∫/—Ü—è 
href,title,id,Job Title,payment,job_description
/ru/jobs/4462620/,–ü—Ä–∏–±–∏—Ä–∞–ª—å–Ω–∏—Ü—è,4462620,–ü—Ä–∏–±–∏—Ä–∞–ª—å–Ω–∏—Ü—è,Payment is not specified,–ó–∞–ø—Ä–æ—à—É—î–º–æ –≤ —Å–≤–æ—é –∫–æ–º–∞–Ω–¥—É: –ø—Ä–∏–±–∏—Ä–∞–ª—å–Ω–∏–∫—ñ–≤ 
href,title,id,Job Title,payment,job_description
/ru/jobs/4201593/,–ü–æ–≤–∞—Ä-—É–Ω–∏–≤–µ—Ä—Å–∞–ª,4201593,–ü–æ–≤–∞—Ä-—É–Ω–∏–≤–µ—Ä—Å–∞–ª,Payment is not specified,"–ú–´ -–∫–æ–º–ø–∞–Ω–∏—è –ê–¢–õ–ê–ù–¢-–ª–∏–¥–µ—Ä –ø—Ä–æ–¥–∞–∂ —Å—Ç—Ä–æ–π–º–∞—Ç–µ—Ä–∏–∞–ª–æ–≤. –í —Å–≤—è–∑–∏ —Å –∑–∞–±–æ—Ç–æ–π –æ —Å–≤–æ–µ–º –ø–µ—Ä—Å–æ–Ω–∞–ª–µ –∏ –≤–æ–∑–º–æ–∂–Ω–æ—Å—Ç—è–º–∏ –∫–æ—Ä–º–∏—Ç—å –∫–ª–∏–µ–Ω—Ç–æ–≤ –∏ –≥–æ—Å—Ç–µ–π –∫–æ–º–ø–∞–Ω–∏–∏, –ø—Ä–∏–≥–ª–∞—à–∞–µ–º –ª—é–±—è—â–µ–≥–æ —Å–≤–æ—é –ø—Ä–æ—Ñ–µ—Å—Å–∏—é –ø–æ–≤–∞—Ä–∞-—É–Ω–∏–≤–µ—Ä—Å–∞–ª–∞ –≤ —Ä–µ—Å—Ç–æ—Ä–∞–Ω "
href,title,id,Job Title,payment,job_description
/ru/jobs/4268908/,–ü—Ä–∏–±–∏—Ä–∞–ª—å–Ω–∏—Ü—è,4268908,–ü—Ä–∏–±–∏—Ä–∞–ª—å–Ω–∏—Ü—è,Payment is not specified,–ó–∞–ø—Ä–æ—à—É—î–º–æ –≤ —Å–≤–æ—é –∫–æ–º–∞–Ω–¥—É: –ü—Ä–∏–±–∏—Ä–∞–ª—å–Ω–∏–∫—ñ–≤ 
href,title,id,Job Title,payment,job_description
/ru/jobs/4279640/,–ü—Ä–∏–±–∏—Ä–∞–ª—å–Ω–∏—Ü—è,4279640,–ü—Ä–∏–±–∏—Ä–∞–ª—å–Ω–∏—Ü—è,Payment is not specified,–ó–∞–ø—Ä–æ—à—É—î–º–æ –≤ —Å–≤–æ—é –∫–æ–º–∞–Ω–¥—É: –ü—Ä–∏–±–∏—Ä–∞–ª—å–Ω–∏–∫—ñ–≤
href,title,id,Job Title,payment,job_description
/ru/jobs/4153104/,–ü—Ä–∏–±–∏—Ä–∞–ª—å–Ω–∏—Ü—è –¢–†–¶,4153104,–ü—Ä–∏–±–∏—Ä–∞–ª—å–Ω–∏—Ü—è –¢–†–¶,Payment is not specified,–ó–∞–ø—Ä–æ—à—É—î–º–æ –≤ —Å–≤–æ—é –∫–æ–º–∞–Ω–¥—É: –ü—Ä–∏–±–∏—Ä–∞–ª—å–Ω–∏–∫–∞
href,title,id,Job Title,payment,job_description
/ru/jobs/4559101/,–û–ø–µ—Ä–∞—Ç–æ—Ä call-—Ü–µ–Ω—Ç—Ä–∞ —Å–æ –∑–Ω–∞–Ω–∏–µ–º –∞–Ω–≥–ª–∏–π—Å–∫–æ–≥–æ,4559101,–û–ø–µ—Ä–∞—Ç–æ—Ä call-—Ü–µ–Ω—Ç—Ä–∞ —Å–æ –∑–Ω–∞–Ω–∏–µ–º –∞–Ω–≥–ª–∏–π—Å–∫–æ–≥–æ,20 000 ‚Äì 35 000 –≥—Ä–Ω,HEY! WAT‚ÄôS UP? üí∞üöÄ SALES MANAGERüí≤üî•RUS/ENGüî•
href,title,id,Job Title,payment,job_description
/ru/jobs/4530207/,–í–æ–¥—ñ–π —Ç–∞–∫—Å—ñ –Ω–∞ –∞–≤—Ç–æ –∫–æ–º–ø–∞–Ω—ñ—ó,4530207,–í–æ–¥—ñ–π —Ç–∞–∫—Å—ñ –Ω–∞ –∞–≤—Ç–æ –∫–æ–º–ø–∞–Ω—ñ—ó,28 000 ‚Äì 40 000 –≥—Ä–Ω,–ê–≤—Ç–æ–ø–∞—Ä–∫ ¬´Joker –£–∫—Ä–∞–∏–Ω–∞¬ª –ø—Ä–∏–≥–ª–∞—à–∞–µ—Ç –Ω–∞ —Ä–∞–±–æ—Ç—É –≤–æ–¥–∏—Ç–µ–ª–µ–π –Ω–∞ –∞–≤—Ç–æ –∫–æ–º–ø–∞–Ω–∏–∏.
href,title,id,Job Title,payment,job_description
/ru/jobs/4540720/,Sales manager with english,4540720,Sales manager with english,25 000 ‚Äì 60 000 –≥—Ä–Ω,"A successful company with 15 years of experience is looking for young, purposeful, development-oriented employees! "
href,title,id,Job Title,payment,job_description
/ru/jobs/4536618/,–ï–ª–µ–∫—Ç—Ä–æ–º–æ–Ω—Ç–∞–∂–Ω–∏–∫,4536618,–ï–ª–µ–∫—Ç—Ä–æ–º–æ–Ω—Ç–∞–∂–Ω–∏–∫,16 000 ‚Äì 20 000 –≥—Ä–Ω,–í–∏–º–æ–≥–∏: 
href,title,id,Job Title,payment,job_description
/ru/jobs/4469499/,–û–ø–µ—Ä–∞—Ç–æ—Ä call-—Ü–µ–Ω—Ç—Ä–∞ (—Å–ª—É–∂–±–∞ —Ç–∞–∫—Å–∏),4469499,–û–ø–µ—Ä–∞—Ç–æ—Ä call-—Ü–µ–Ω—Ç—Ä–∞ (—Å–ª—É–∂–±–∞ —Ç–∞–∫—Å–∏),Payment is not specified,–ú–µ–∂–¥—É–Ω–∞—Ä–æ–¥–Ω–∞—è –∫–æ–º–ø–∞–Ω–∏—è Teleperformance Ukraine —Ä–∞—Å—à–∏—Ä—è–µ—Ç—Å—è –∏ –∞–∫—Ç–∏–≤–Ω–æ –∏—â–µ—Ç –æ–ø–µ—Ä–∞—Ç–æ—Ä–∞ call-—Ü–µ–Ω—Ç—Ä–∞ (—Å–ª—É–∂–±–∞ —Ç–∞–∫—Å–∏).–ù–ï –î–ò–°–ü–ï–¢–ß–ï–†!
href,title,id,Job Title,payment,job_description
/ru/jobs/4541339/,–ö–æ–º–ø–ª–µ–∫—Ç—É–≤–∞–ª—å–Ω–∏–∫,4541339,–ö–æ–º–ø–ª–µ–∫—Ç—É–≤–∞–ª—å–Ω–∏–∫,18 000 ‚Äì 23 000 –≥—Ä–Ω,–í–∏–º–æ–≥–∏: 
href,title,id,Job Title,payment,job_description
/ru/jobs/4559076/,–ö–æ–º–ø–ª–µ–∫—Ç—É–≤–∞–ª—å–Ω–∏—Ü—è,4559076,–ö–æ–º–ø–ª–µ–∫—Ç—É–≤–∞–ª—å–Ω–∏—Ü—è,17 000 ‚Äì 23 000 –≥—Ä–Ω,–í–∏–º–æ–≥–∏:
href,title,id,Job Title,payment,job_description
/ru/jobs/195708/,–ü–µ—á–∞—Ç–Ω–∏–∫ —à–µ–ª–∫–æ—Ç—Ä–∞—Ñ–∞—Ä–µ—Ç–∞,195708,–ü–µ—á–∞—Ç–Ω–∏–∫ —à–µ–ª–∫–æ—Ç—Ä–∞—Ñ–∞—Ä–µ—Ç–∞,18 000 ‚Äì 25 000 –≥—Ä–Ω,"–¢—Ä–µ–±—É–µ—Ç—Å—è –ü–µ—á–∞—Ç–Ω–∏–∫ —Ç—Ä–∞—Ñ–∞—Ä–µ—Ç–Ω–æ–π –ø–µ—á–∞—Ç–∏. –û—Å–Ω–æ–≤–Ω–∞—è –∑–∞–≥—Ä—É–∑–∫–∞ ‚Äî –ø–æ–ª–∏—ç—Ç–∏–ª–µ–Ω–æ–≤—ã–µ –ø–∞–∫–µ—Ç—ã, –∏ –∫—Ä–∞—Ñ—Ç-–ø–∞–∫–µ—Ç—ã."
href,title,id,Job Title,payment,job_description
/ru/jobs/4558091/,–ü–æ–º–æ—â–Ω–∏–∫ —Ä–µ–∂–∏—Å—Å–µ—Ä–∞,4558091,–ü–æ–º–æ—â–Ω–∏–∫ —Ä–µ–∂–∏—Å—Å–µ—Ä–∞,20 000 –≥—Ä–Ω,"–ü—Ä–∏–≤–µ—Ç! –ü–µ—Ä–µ–¥ —Ç–æ–±–æ–π –≤–∞–∫–∞–Ω—Å–∏—è –∏–∑ –±—É–¥—É—â–µ–≥–æ ‚Äî —Ç–æ–≥–æ —Å–∞–º–æ–≥–æ, –≤ –∫–æ—Ç–æ—Ä–æ–º –ª—é–¥–∏ –ø–µ—Ä–µ—Å—Ç–∞–ª–∏ –ø—Ä–æ—Å—Ç–æ —Ö–æ–¥–∏—Ç—å –Ω–∞ —Ä–∞–±–æ—Ç—É –∏ –ø–æ–ª—É—á–∞—Ç—å –∑–∞ —ç—Ç–æ –¥–µ–Ω—å–≥–∏. –ú—ã –≤–∫–ª–∞–¥—ã–≤–∞–µ–º —Å–≤–æ—ë –≤—Ä–µ–º—è, –ª—é–±–æ–≤—å –∏ —Ç–≤–æ—Ä—á–µ—Å–∫—É—é —ç–Ω–µ—Ä–≥–∏—é –≤ —Å–æ–∑–¥–∞–Ω–∏–µ –∫–æ–Ω—Ç–µ–Ω—Ç–∞, –∫–æ—Ç–æ—Ä—ã–π —Å–º–æ—Ç—Ä—è—Ç –≤–æ –≤—Å–µ–º –º–∏—Ä–µ. "
href,title,id,Job Title,payment,job_description
/ru/jobs/4286208/,"Content writer, Copywriter in Humanities",4286208,"Content writer, Copywriter in Humanities",Payment is not specified,Looking for a Content writer/Copywriter in Humanities!
href,title,id,Job Title,payment,job_description
/ru/jobs/4286216/,"Content writer, Copywriter in Humanities",4286216,"Content writer, Copywriter in Humanities",Payment is not specified,Looking for a Content writer/Copywriter in Humanities!
href,title,id,Job Title,payment,job_description
/ru/jobs/3891186/,"–í–æ–¥–∏—Ç–µ–ª—å –Ω–∞ –∞–≤—Ç–æ –∫–æ–º–ø–∞–Ω–∏–∏ –∫–∞—Ç–µ–≥–æ—Ä–∏–∏ B (Uber, Uklon, Bolt)",3891186,"–í–æ–¥–∏—Ç–µ–ª—å –Ω–∞ –∞–≤—Ç–æ –∫–æ–º–ø–∞–Ω–∏–∏ –∫–∞—Ç–µ–≥–æ—Ä–∏–∏ B (Uber, Uklon, Bolt)",18 000 ‚Äì 28 000 –≥—Ä–Ω,"–Æ–≥-—Å–µ—Ä–≤–∏—Å ‚Äî –∞–≤—Ç–æ–ø–∞—Ä–∫ ‚Äî –ø–∞—Ä—Ç–Ω–µ—Ä Uber, Bolt, Uklon, –ø—Ä–∏–≥–ª–∞—à–∞–µ—Ç —Å—Ç–∞—Ç—å –≤–æ–¥–∏—Ç–µ–ª–µ–º –Ω–∞ –∞–≤—Ç–æ –∫–æ–º–ø–∞–Ω–∏–∏! "
href,title,id,Job Title,payment,job_description
/ru/jobs/4206157/,"English translator, editor, content writer",4206157,"English translator, editor, content writer",25 000 –≥—Ä–Ω,Livingston Research delivers help and support to customers around the world since 2009.
href,title,id,Job Title,payment,job_description
/ru/jobs/4539902/,"–ü–æ–º–æ—â–Ω–∏–∫ (HR Department), —Ä–µ–∫—Ä—É—Ç–µ—Ä",4539902,"–ü–æ–º–æ—â–Ω–∏–∫ (HR Department), —Ä–µ–∫—Ä—É—Ç–µ—Ä",14 100 ‚Äì 26 000 –≥—Ä–Ω,–ê–º–µ—Ä–∏–∫–∞–Ω—Å–∫–∞—è –ª–æ–≥–∏—Å—Ç–∏—á–µ—Å–∫–∞—è –∫–æ–º–ø–∞–Ω–∏—è –ø—Ä–∏–≥–ª–∞—à–∞–µ—Ç –Ω–∞ —Ä–∞–±–æ—Ç—É —Å–æ—Ç—Ä—É–¥–Ω–∏–∫–∞ –≤ HR –æ—Ç–¥–µ–ª. 
href,title,id,Job Title,payment,job_description
/ru/jobs/4539893/,"–ü–æ–º–æ—â–Ω–∏–∫ (Customer Service), –æ–ø–µ—Ä–∞—Ç–æ—Ä –ø–æ –≤–≤–æ–¥—É –¥–∞–Ω–Ω—ã—Ö (–°–®–ê)",4539893,"–ü–æ–º–æ—â–Ω–∏–∫ (Customer Service), –æ–ø–µ—Ä–∞—Ç–æ—Ä –ø–æ –≤–≤–æ–¥—É –¥–∞–Ω–Ω—ã—Ö (–°–®–ê)",14 100 –≥—Ä–Ω,–û—Ç–∫—Ä—ã–≤–∞–µ–º –∫–æ–Ω–∫—É—Ä—Å –Ω–∞ –≤–∞–∫–∞–Ω—Ç–Ω—É—é –ø–æ–∑–∏—Ü–∏—é –≤ –∞–º–µ—Ä–∏–∫–∞–Ω—Å–∫–æ–π –∫–æ–º–ø–∞–Ω–∏–∏.
href,title,id,Job Title,payment,job_description
/ru/jobs/4539905/,"Customer Service Representative (Russian, English)",4539905,"Customer Service Representative (Russian, English)",26 000 –≥—Ä–Ω,"–ò—â–µ–º –∞–∫—Ç–∏–≤–Ω—ã—Ö, –æ–±—â–∏—Ç–µ–ª—å–Ω—ã—Ö –∏ —É–≤–µ—Ä–µ–Ω–Ω—ã—Ö –≤ —Å–µ–±–µ —Å–æ—Ç—Ä—É–¥–Ω–∏–∫–æ–≤ –¥–ª—è —É–¥–∞–ª–µ–Ω–Ω–æ–π —Ä–∞–±–æ—Ç—ã –Ω–∞ –ø–æ–ª–Ω—É—é –∑–∞–Ω—è—Ç–æ—Å—Ç—å –Ω–∞ –∞–º–µ—Ä–∏–∫–∞–Ω—Å–∫—É—é –∫–æ–º–ø–∞–Ω–∏—é –Ω–∞ –º–µ–±–µ–ª—å–Ω–æ–º –ø—Ä–æ–µ–∫—Ç–µ. –≠—Ç–∞ —Ä–∞–±–æ—Ç–∞ –¥–ª—è –í–∞—Å, –µ—Å–ª–∏ –í—ã ‚Äî —Å—Ç—Ä–µ—Å—Å–æ—É—Å—Ç–æ–π—á–∏–≤—ã –∏ –º–æ–∂–µ—Ç–µ –ª–µ–≥–∫–æ –Ω–∞—Ö–æ–¥–∏—Ç—å –æ–±—â–∏–π —è–∑—ã–∫ —Å –ª—é–±—ã–º —á–µ–ª–æ–≤–µ–∫–æ–º. –í–∞—à–∏–º –ø—Ä–µ–∏–º—É—â–µ—Å—Ç–≤–æ–º –±—É–¥–µ—Ç –æ–ø—ã—Ç —Ä–∞–±–æ—Ç—ã –≤ –∫–æ–ª–ª-—Ü–µ–Ω—Ç—Ä–µ –∏ —Å—Ñ–µ—Ä–µ –ø—Ä–æ–¥–∞–∂. "
href,title,id,Job Title,payment,job_description
/ru/jobs/4559046/,"Sales Agent, Car Shipping Broker (USA)",4559046,"Sales Agent, Car Shipping Broker (USA)",21 000 ‚Äì 168 000 –≥—Ä–Ω,"–ü—Ä–∏–≥–ª–∞—à–∞–µ–º –í–∞—Å —Å—Ç–∞—Ç—å —á–∞—Å—Ç—å—é –Ω–∞—à–µ–≥–æ –±—ã—Å—Ç—Ä–æ—Ä–∞—Å—Ç—É—â–µ–≥–æ Sales Department –Ω–∞ –ø–æ–∑–∏—Ü–∏–∏ Sales Agent, Car Shipping Broker –≤ –æ–¥–Ω–æ–π –∏–∑ —Ç–æ–ø–æ–≤—ã—Ö –∞–º–µ—Ä–∏–∫–∞–Ω—Å–∫–∏—Ö –ª–æ–≥–∏—Å—Ç–∏—á–µ—Å–∫–∏—Ö –∫–æ–º–ø–∞–Ω–∏–π. –ï—Å–ª–∏ –í—ã —Å –ª–µ–≥–∫–æ—Å—Ç—å—é –Ω–∞—Ö–æ–¥–∏—Ç–µ –æ–±—â–∏–π —è–∑—ã–∫ —Å –ª—é–±—ã–º —á–µ–ª–æ–≤–µ–∫–æ–º, —É–º–µ–µ—Ç–µ –ø—Ä–æ–¥–∞–≤–∞—Ç—å –∏–ª–∏ —Ö–æ—Ç–∏—Ç–µ —ç—Ç–æ–º—É –Ω–∞—É—á–∏—Ç—å—Å—è ‚Äî –Ω–∞—à–µ –ø—Ä–µ–¥–ª–æ–∂–µ–Ω–∏–µ –¥–ª—è –í–∞—Å!"
href,title,id,Job Title,payment,job_description
/ru/jobs/4559043/,"Sales Agent, Car Shipping Broker (USA)",4559043,"Sales Agent, Car Shipping Broker (USA)",21 000 ‚Äì 168 000 –≥—Ä–Ω,"–ü—Ä–∏–≥–ª–∞—à–∞–µ–º –í–∞—Å —Å—Ç–∞—Ç—å —á–∞—Å—Ç—å—é –Ω–∞—à–µ–≥–æ –±—ã—Å—Ç—Ä–æ—Ä–∞—Å—Ç—É—â–µ–≥–æ Sales Department –Ω–∞ –ø–æ–∑–∏—Ü–∏–∏ Sales Agent, Car Shipping Broker –≤ –æ–¥–Ω–æ–π –∏–∑ —Ç–æ–ø–æ–≤—ã—Ö –∞–º–µ—Ä–∏–∫–∞–Ω—Å–∫–∏—Ö –ª–æ–≥–∏—Å—Ç–∏—á–µ—Å–∫–∏—Ö –∫–æ–º–ø–∞–Ω–∏–π. –ï—Å–ª–∏ –í—ã —Å –ª–µ–≥–∫–æ—Å—Ç—å—é –Ω–∞—Ö–æ–¥–∏—Ç–µ –æ–±—â–∏–π —è–∑—ã–∫ —Å –ª—é–±—ã–º —á–µ–ª–æ–≤–µ–∫–æ–º, —É–º–µ–µ—Ç–µ –ø—Ä–æ–¥–∞–≤–∞—Ç—å –∏–ª–∏ —Ö–æ—Ç–∏—Ç–µ —ç—Ç–æ–º—É –Ω–∞—É—á–∏—Ç—å—Å—è ‚Äî –Ω–∞—à–µ –ø—Ä–µ–¥–ª–æ–∂–µ–Ω–∏–µ –¥–ª—è –í–∞—Å!"
href,title,id,Job Title,payment,job_description
/ru/jobs/4559042/,"Sales Agent, Car Shipping Broker (USA)",4559042,"Sales Agent, Car Shipping Broker (USA)",21 000 ‚Äì 168 000 –≥—Ä–Ω,"–ü—Ä–∏–≥–ª–∞—à–∞–µ–º –í–∞—Å —Å—Ç–∞—Ç—å —á–∞—Å—Ç—å—é –Ω–∞—à–µ–≥–æ –±—ã—Å—Ç—Ä–æ—Ä–∞—Å—Ç—É—â–µ–≥–æ Sales Department –Ω–∞ –ø–æ–∑–∏—Ü–∏–∏ Sales Agent, Car Shipping Broker –≤ –æ–¥–Ω–æ–π –∏–∑ —Ç–æ–ø–æ–≤—ã—Ö –∞–º–µ—Ä–∏–∫–∞–Ω—Å–∫–∏—Ö –ª–æ–≥–∏—Å—Ç–∏—á–µ—Å–∫–∏—Ö –∫–æ–º–ø–∞–Ω–∏–π. –ï—Å–ª–∏ –í—ã —Å –ª–µ–≥–∫–æ—Å—Ç—å—é –Ω–∞—Ö–æ–¥–∏—Ç–µ –æ–±—â–∏–π —è–∑—ã–∫ —Å –ª—é–±—ã–º —á–µ–ª–æ–≤–µ–∫–æ–º, —É–º–µ–µ—Ç–µ –ø—Ä–æ–¥–∞–≤–∞—Ç—å –∏–ª–∏ —Ö–æ—Ç–∏—Ç–µ —ç—Ç–æ–º—É –Ω–∞—É—á–∏—Ç—å—Å—è ‚Äî –Ω–∞—à–µ –ø—Ä–µ–¥–ª–æ–∂–µ–Ω–∏–µ –¥–ª—è –í–∞—Å!"
href,title,id,Job Title,payment,job_description
/ru/jobs/4559040/,"Sales Agent, Car Shipping Broker (USA)",4559040,"Sales Agent, Car Shipping Broker (USA)",21 000 ‚Äì 168 400 –≥—Ä–Ω,"–ü—Ä–∏–≥–ª–∞—à–∞–µ–º –í–∞—Å —Å—Ç–∞—Ç—å —á–∞—Å—Ç—å—é –Ω–∞—à–µ–≥–æ –±—ã—Å—Ç—Ä–æ—Ä–∞—Å—Ç—É—â–µ–≥–æ Sales Department –Ω–∞ –ø–æ–∑–∏—Ü–∏–∏ Sales Agent, Car Shipping Broker –≤ –æ–¥–Ω–æ–π –∏–∑ —Ç–æ–ø–æ–≤—ã—Ö –∞–º–µ—Ä–∏–∫–∞–Ω—Å–∫–∏—Ö –ª–æ–≥–∏—Å—Ç–∏—á–µ—Å–∫–∏—Ö –∫–æ–º–ø–∞–Ω–∏–π. –ï—Å–ª–∏ –í—ã —Å –ª–µ–≥–∫–æ—Å—Ç—å—é –Ω–∞—Ö–æ–¥–∏—Ç–µ –æ–±—â–∏–π —è–∑—ã–∫ —Å –ª—é–±—ã–º —á–µ–ª–æ–≤–µ–∫–æ–º, —É–º–µ–µ—Ç–µ –ø—Ä–æ–¥–∞–≤–∞—Ç—å –∏–ª–∏ —Ö–æ—Ç–∏—Ç–µ —ç—Ç–æ–º—É –Ω–∞—É—á–∏—Ç—å—Å—è ‚Äî –Ω–∞—à–µ –ø—Ä–µ–¥–ª–æ–∂–µ–Ω–∏–µ –¥–ª—è –í–∞—Å!"
href,title,id,Job Title,payment,job_description
/ru/jobs/4049672/,–ü—Ä–æ–¥–∞–≤–µ—Ü-–∫–æ–Ω—Å—É–ª—å—Ç–∞–Ω—Ç –≤ –º–∞–≥–∞–∑–∏–Ω –∂–µ–Ω—Å–∫–æ–π –æ–¥–µ–∂–¥—ã (—Ü–µ–Ω—Ç—Ä),4049672,–ü—Ä–æ–¥–∞–≤–µ—Ü-–∫–æ–Ω—Å—É–ª—å—Ç–∞–Ω—Ç –≤ –º–∞–≥–∞–∑–∏–Ω –∂–µ–Ω—Å–∫–æ–π –æ–¥–µ–∂–¥—ã (—Ü–µ–Ω—Ç—Ä),10 000 ‚Äì 15 000 –≥—Ä–Ω,–ü—Ä–æ–¥–∞–≤–µ—Ü-–∫–æ–Ω—Å—É–ª—å—Ç–∞–Ω—Ç –≤ Marta Vladi ‚Äî –∂–µ–Ω—Å–∫–∞—è –æ–¥–µ–∂–¥–∞.
href,title,id,Job Title,payment,job_description
/ru/jobs/4466486/,"–†–∞–±–æ—á–∏–π –Ω–∞ –ø—Ä–æ–∏–∑–≤–æ–¥—Å—Ç–≤–æ, –ø–æ–º–æ—â–Ω–∏–∫ —Å–≤–∞—Ä—â–∏–∫–∞",4466486,"–†–∞–±–æ—á–∏–π –Ω–∞ –ø—Ä–æ–∏–∑–≤–æ–¥—Å—Ç–≤–æ, –ø–æ–º–æ—â–Ω–∏–∫ —Å–≤–∞—Ä—â–∏–∫–∞",13 000 –≥—Ä–Ω,"–ù–∞ –∑–∞–≤–æ–¥ –ê–≥—Ä–æ–∫—É–± ‚Äî –æ–¥–∏–Ω –∏–∑ —Å–∞–º—ã—Ö —Å—Ç–∞–±–∏–ª—å–Ω—ã—Ö —Ä–∞–±–æ—Ç–æ–¥–∞—Ç–µ–ª–µ–π –ó–∞–ø–æ—Ä–æ–∂—å–µ, —Ç—Ä–µ–±—É—é—Ç—Å—è –ø–æ–º–æ—â–Ω–∏–∫–∏ —Å–≤–∞—Ä—â–∏–∫–∞."
href,title,id,Job Title,payment,job_description
/ru/jobs/2444750/,–í–æ–¥–∏—Ç–µ–ª—å —Ç–∞–∫—Å–∏ –Ω–∞ –∞–≤—Ç–æ –∫–æ–º–ø–∞–Ω–∏–∏,2444750,–í–æ–¥–∏—Ç–µ–ª—å —Ç–∞–∫—Å–∏ –Ω–∞ –∞–≤—Ç–æ –∫–æ–º–ø–∞–Ω–∏–∏,25 000 ‚Äì 50 000 –≥—Ä–Ω,–°–ª—É–∂–±–∞ –¢–∞–∫—Å–∏ ¬´808¬ª –ø—Ä–µ–¥–ª–∞–≥–∞–µ—Ç –Ω–∞ –≤—ã–±–æ—Ä –≤–æ–¥–∏—Ç–µ–ª—è —Ä–∞–±–æ—Ç—É –Ω–∞ —É—Å–ª–æ–≤–∏—è—Ö:
href,title,id,Job Title,payment,job_description
/ru/jobs/3639920/,"–í–µ–¥—É—â–∞—è –æ–Ω–ª–∞–π–Ω-—ç—Ñ–∏—Ä–æ–≤, –±–ª–æ–≥–µ—Ä, —Å—Ç—Ä–∏–º–µ—Ä, –º–æ–¥–µ–ª—å",3639920,"–í–µ–¥—É—â–∞—è –æ–Ω–ª–∞–π–Ω-—ç—Ñ–∏—Ä–æ–≤, –±–ª–æ–≥–µ—Ä, —Å—Ç—Ä–∏–º–µ—Ä, –º–æ–¥–µ–ª—å",40 000 –≥—Ä–Ω,"–ê–Ω–∞–ª–æ–≥–∏ –Ω–∞—à–µ–π –ø–ª–∞—Ç—Ñ–æ—Ä–º—ã: Instagram, Twitch."
href,title,id,Job Title,payment,job_description
/ru/jobs/3492909/,"–ú–æ–¥–µ–ª—å –¥–ª—è –±–ª–æ–≥–≥–∏–Ω–≥–∞, —Å—Ç—Ä–∏–º–µ—Ä, –≤–µ–¥—É—â–∞—è —Ç—Ä–∞–Ω—Å–ª—è—Ü–∏–π",3492909,"–ú–æ–¥–µ–ª—å –¥–ª—è –±–ª–æ–≥–≥–∏–Ω–≥–∞, —Å—Ç—Ä–∏–º–µ—Ä, –≤–µ–¥—É—â–∞—è —Ç—Ä–∞–Ω—Å–ª—è—Ü–∏–π",40 000 –≥—Ä–Ω,"–ê–Ω–∞–ª–æ–≥–∏ –Ω–∞—à–µ–π –ø–ª–∞—Ç—Ñ–æ—Ä–º—ã: Instagram, Twitch."
